image,band,method,inlier_residual,num_inliers,NMI,GCC,crop_size
DJI_20251107113232_0001,G,Initial,NaN,10733,0.004944,0.036487,N/A
DJI_20251107113232_0001,G,Global,0.6249,4746,0.089677,0.334133,3440*3204
DJI_20251107113232_0001,G,Proposed,0.5884,10733,0.099906,0.380080,4327*3224
DJI_20251107113232_0001,R,Initial,NaN,7559,0.006549,0.047183,N/A
DJI_20251107113232_0001,R,Global,0.5581,3736,0.054383,0.277487,3440*3204
DJI_20251107113232_0001,R,Proposed,0.5324,7559,0.057761,0.299614,4327*3224
DJI_20251107113232_0001,NIR,Initial,NaN,9924,0.007161,0.044770,N/A
DJI_20251107113232_0001,NIR,Global,0.6205,4557,0.082991,0.322677,3440*3204
DJI_20251107113232_0001,NIR,Proposed,0.6586,9924,0.092821,0.363544,4327*3224
DJI_20251107113232_0001,RE,Initial,NaN,8312,0.005078,0.028101,N/A
DJI_20251107113232_0001,RE,Global,0.6619,3755,0.065878,0.271258,3440*3204
DJI_20251107113232_0001,RE,Proposed,0.8993,8312,0.072771,0.314119,4327*3224
DJI_20251107113234_0002,G,Initial,NaN,9769,0.004959,0.035421,N/A
DJI_20251107113234_0002,G,Global,0.6591,4382,0.080488,0.290175,3322*3196
DJI_20251107113234_0002,G,Proposed,0.7114,9769,0.090486,0.337494,4311*3204
DJI_20251107113234_0002,R,Initial,NaN,7243,0.005448,0.041908,N/A
DJI_20251107113234_0002,R,Global,0.6324,3675,0.053310,0.268858,3322*3196
DJI_20251107113234_0002,R,Proposed,0.5476,7243,0.056885,0.290089,4311*3204
DJI_20251107113234_0002,NIR,Initial,NaN,9288,0.007059,0.044970,N/A
DJI_20251107113234_0002,NIR,Global,0.5659,4069,0.079484,0.285988,3322*3196
DJI_20251107113234_0002,NIR,Proposed,0.5394,9288,0.087200,0.323898,4311*3204
DJI_20251107113234_0002,RE,Initial,NaN,8035,0.004857,0.027025,N/A
DJI_20251107113234_0002,RE,Global,0.7555,3509,0.059443,0.261793,3322*3196
DJI_20251107113234_0002,RE,Proposed,0.7906,8035,0.065569,0.289360,4311*3204
DJI_20251107113238_0004,G,Initial,NaN,8598,0.004063,0.039914,N/A
DJI_20251107113238_0004,G,Global,0.6357,3792,0.070297,0.275196,3670*3189
DJI_20251107113238_0004,G,Proposed,0.5589,8598,0.079228,0.316380,4313*3184
DJI_20251107113238_0004,R,Initial,NaN,5305,0.005719,0.049181,N/A
DJI_20251107113238_0004,R,Global,1.0358,2610,0.039809,0.212304,3670*3189
DJI_20251107113238_0004,R,Proposed,0.5872,5305,0.042335,0.230087,4313*3184
DJI_20251107113238_0004,NIR,Initial,NaN,7850,0.006321,0.049939,N/A
DJI_20251107113238_0004,NIR,Global,0.6204,3501,0.067056,0.263755,3670*3189
DJI_20251107113238_0004,NIR,Proposed,0.5793,7850,0.075650,0.305655,4313*3184
DJI_20251107113238_0004,RE,Initial,NaN,6511,0.004691,0.031836,N/A
DJI_20251107113238_0004,RE,Global,0.8524,3007,0.049555,0.220134,3670*3189
DJI_20251107113238_0004,RE,Proposed,0.7368,6511,0.054181,0.246677,4313*3184
DJI_20251107113242_0006,G,Initial,NaN,4945,0.002807,0.016205,N/A
DJI_20251107113242_0006,G,Global,0.9228,2193,0.048704,0.173524,4225*3168
DJI_20251107113242_0006,G,Proposed,0.9460,4945,0.054560,0.200266,4305*3188
DJI_20251107113242_0006,R,Initial,NaN,2450,0.003853,0.017997,N/A
DJI_20251107113242_0006,R,Global,0.6429,1467,0.025622,0.143051,4225*3168
DJI_20251107113242_0006,R,Proposed,1.1298,2450,0.027111,0.155952,4305*3188
DJI_20251107113242_0006,NIR,Initial,NaN,4572,0.004025,0.015124,N/A
DJI_20251107113242_0006,NIR,Global,0.8647,2050,0.041640,0.164356,4225*3168
DJI_20251107113242_0006,NIR,Proposed,0.7512,4572,0.046458,0.192322,4305*3188
DJI_20251107113242_0006,RE,Initial,NaN,2786,0.002296,0.006075,N/A
DJI_20251107113242_0006,RE,Global,1.1177,1365,0.026709,0.112681,4225*3168
DJI_20251107113242_0006,RE,Proposed,1.1046,2786,0.030002,0.130829,4305*3188
DJI_20251107113246_0008,G,Initial,NaN,6791,0.003574,0.019847,N/A
DJI_20251107113246_0008,G,Global,0.6356,3412,0.066864,0.250510,3864*2672
DJI_20251107113246_0008,G,Proposed,0.5826,6791,0.072508,0.276520,4315*3191
DJI_20251107113246_0008,R,Initial,NaN,5215,0.006508,0.044128,N/A
DJI_20251107113246_0008,R,Global,0.6257,2670,0.043280,0.231028,3864*2672
DJI_20251107113246_0008,R,Proposed,0.6152,5215,0.045878,0.251579,4315*3191
DJI_20251107113246_0008,NIR,Initial,NaN,6731,0.006080,0.027193,N/A
DJI_20251107113246_0008,NIR,Global,0.5965,2937,0.068392,0.230182,3864*2672
DJI_20251107113246_0008,NIR,Proposed,0.7254,6731,0.076633,0.262777,4315*3191
DJI_20251107113246_0008,RE,Initial,NaN,5523,0.005476,0.026252,N/A
DJI_20251107113246_0008,RE,Global,1.0726,2549,0.049727,0.209195,3864*2672
DJI_20251107113246_0008,RE,Proposed,0.6116,5523,0.055248,0.238255,4315*3191
DJI_20251107113252_0011,G,Initial,NaN,5197,0.002564,0.009856,N/A
DJI_20251107113252_0011,G,Global,1.0525,2204,0.047834,0.162785,4186*3179
DJI_20251107113252_0011,G,Proposed,0.8575,5197,0.053065,0.188899,4308*3181
DJI_20251107113252_0011,R,Initial,NaN,3240,0.006113,0.035669,N/A
DJI_20251107113252_0011,R,Global,1.0000,1743,0.032616,0.150938,4186*3179
DJI_20251107113252_0011,R,Proposed,0.9831,3240,0.034643,0.170701,4308*3181
DJI_20251107113252_0011,NIR,Initial,NaN,5235,0.003972,0.016597,N/A
DJI_20251107113252_0011,NIR,Global,1.0728,2292,0.049323,0.185762,4186*3179
DJI_20251107113252_0011,NIR,Proposed,0.5664,5235,0.054159,0.208237,4308*3181
DJI_20251107113252_0011,RE,Initial,NaN,4271,0.003763,0.008233,N/A
DJI_20251107113252_0011,RE,Global,1.0022,2014,0.037966,0.176214,4186*3179
DJI_20251107113252_0011,RE,Proposed,0.8300,4271,0.040670,0.197097,4308*3181
DJI_20251107113256_0013,G,Initial,NaN,6519,0.003440,0.030438,N/A
DJI_20251107113256_0013,G,Global,1.0019,2837,0.060595,0.236365,4314*2075
DJI_20251107113256_0013,G,Proposed,0.9207,6519,0.066205,0.262307,4305*3172
DJI_20251107113256_0013,R,Initial,NaN,4850,0.008370,0.051517,N/A
DJI_20251107113256_0013,R,Global,0.9257,2437,0.046164,0.222915,4314*2075
DJI_20251107113256_0013,R,Proposed,0.6157,4850,0.048973,0.250906,4305*3172
DJI_20251107113256_0013,NIR,Initial,NaN,6485,0.005743,0.037634,N/A
DJI_20251107113256_0013,NIR,Global,0.6320,2947,0.064944,0.234214,4314*2075
DJI_20251107113256_0013,NIR,Proposed,0.5550,6485,0.072457,0.262948,4305*3172
DJI_20251107113256_0013,RE,Initial,NaN,5150,0.005608,0.026178,N/A
DJI_20251107113256_0013,RE,Global,1.1190,2299,0.045811,0.192387,4314*2075
DJI_20251107113256_0013,RE,Proposed,0.8892,5150,0.049692,0.219243,4305*3172
DJI_20251107113258_0014,G,Initial,NaN,6697,0.004706,0.031155,N/A
DJI_20251107113258_0014,G,Global,0.6504,3070,0.066833,0.252838,3876*2870
DJI_20251107113258_0014,G,Proposed,0.6505,6697,0.072271,0.281408,4298*3155
DJI_20251107113258_0014,R,Initial,NaN,4016,0.010260,0.053660,N/A
DJI_20251107113258_0014,R,Global,1.0946,2249,0.045418,0.231581,3876*2870
DJI_20251107113258_0014,R,Proposed,0.9999,4016,0.047572,0.253096,4298*3155
DJI_20251107113258_0014,NIR,Initial,NaN,5699,0.007386,0.041246,N/A
DJI_20251107113258_0014,NIR,Global,0.9581,2722,0.064759,0.223310,3876*2870
DJI_20251107113258_0014,NIR,Proposed,0.6133,5699,0.070267,0.249136,4298*3155
DJI_20251107113258_0014,RE,Initial,NaN,5051,0.007021,0.028224,N/A
DJI_20251107113258_0014,RE,Global,0.6677,2272,0.050146,0.212285,3876*2870
DJI_20251107113258_0014,RE,Proposed,0.6382,5051,0.054096,0.241712,4298*3155
DJI_20251107113302_0016,G,Initial,NaN,6312,0.004305,0.024324,N/A
DJI_20251107113302_0016,G,Global,0.6713,2839,0.064407,0.242468,3863*3161
DJI_20251107113302_0016,G,Proposed,0.7984,6312,0.070544,0.272310,4309*3158
DJI_20251107113302_0016,R,Initial,NaN,4209,0.009385,0.053680,N/A
DJI_20251107113302_0016,R,Global,0.6680,2007,0.041178,0.205275,3863*3161
DJI_20251107113302_0016,R,Proposed,0.8919,4209,0.043048,0.223000,4309*3158
DJI_20251107113302_0016,NIR,Initial,NaN,5079,0.007383,0.036100,N/A
DJI_20251107113302_0016,NIR,Global,0.7179,2440,0.056907,0.216253,3863*3161
DJI_20251107113302_0016,NIR,Proposed,0.8040,5079,0.061002,0.239353,4309*3158
DJI_20251107113302_0016,RE,Initial,NaN,4381,0.007166,0.030502,N/A
DJI_20251107113302_0016,RE,Global,1.1208,2077,0.044474,0.192500,3863*3161
DJI_20251107113302_0016,RE,Proposed,0.6194,4381,0.047892,0.216335,4309*3158
DJI_20251107113304_0017,G,Initial,NaN,6466,0.003684,0.025941,N/A
DJI_20251107113304_0017,G,Global,0.6063,3030,0.068961,0.256002,3934*3162
DJI_20251107113304_0017,G,Proposed,0.6748,6466,0.074629,0.280175,4295*3160
DJI_20251107113304_0017,R,Initial,NaN,3824,0.007451,0.055627,N/A
DJI_20251107113304_0017,R,Global,1.0706,2014,0.042306,0.207182,3934*3162
DJI_20251107113304_0017,R,Proposed,0.9344,3824,0.044203,0.222251,4295*3160
DJI_20251107113304_0017,NIR,Initial,NaN,5955,0.006272,0.036757,N/A
DJI_20251107113304_0017,NIR,Global,0.6166,2918,0.064459,0.249473,3934*3162
DJI_20251107113304_0017,NIR,Proposed,0.5471,5955,0.068345,0.269035,4295*3160
DJI_20251107113304_0017,RE,Initial,NaN,4542,0.005442,0.025906,N/A
DJI_20251107113304_0017,RE,Global,0.8000,2260,0.050460,0.226905,3934*3162
DJI_20251107113304_0017,RE,Proposed,0.8541,4542,0.053946,0.250977,4295*3160
DJI_20251107113306_0018,G,Initial,NaN,6056,0.003126,0.023557,N/A
DJI_20251107113306_0018,G,Global,0.6873,2735,0.068547,0.230476,4164*3049
DJI_20251107113306_0018,G,Proposed,0.6957,6056,0.076805,0.264589,4308*3220
DJI_20251107113306_0018,R,Initial,NaN,3002,0.008847,0.060993,N/A
DJI_20251107113306_0018,R,Global,1.0977,1745,0.039305,0.186825,4164*3049
DJI_20251107113306_0018,R,Proposed,1.0844,3002,0.041077,0.202660,4308*3220
DJI_20251107113306_0018,NIR,Initial,NaN,5034,0.005476,0.035601,N/A
DJI_20251107113306_0018,NIR,Global,0.8422,2449,0.063956,0.211459,4164*3049
DJI_20251107113306_0018,NIR,Proposed,0.6127,5034,0.070913,0.237721,4308*3220
DJI_20251107113306_0018,RE,Initial,NaN,3309,0.004267,0.018521,N/A
DJI_20251107113306_0018,RE,Global,1.1466,1848,0.050939,0.173705,4164*3049
DJI_20251107113306_0018,RE,Proposed,0.9783,3309,0.055112,0.197090,4308*3220
DJI_20251107113310_0020,G,Initial,NaN,5911,0.003723,0.027878,N/A
DJI_20251107113310_0020,G,Global,0.7910,2874,0.068008,0.223228,4296*2655
DJI_20251107113310_0020,G,Proposed,0.6109,5911,0.072970,0.251248,4333*3233
DJI_20251107113310_0020,R,Initial,NaN,3220,0.008584,0.060499,N/A
DJI_20251107113310_0020,R,Global,1.1097,1737,0.040435,0.189814,4296*2655
DJI_20251107113310_0020,R,Proposed,1.0795,3220,0.043050,0.209941,4333*3233
DJI_20251107113310_0020,NIR,Initial,NaN,4400,0.006935,0.039828,N/A
DJI_20251107113310_0020,NIR,Global,1.1869,2295,0.068715,0.215505,4296*2655
DJI_20251107113310_0020,NIR,Proposed,0.9873,4400,0.074676,0.243844,4333*3233
DJI_20251107113310_0020,RE,Initial,NaN,3647,0.005181,0.021316,N/A
DJI_20251107113310_0020,RE,Global,1.1620,2023,0.052687,0.187185,4296*2655
DJI_20251107113310_0020,RE,Proposed,1.1483,3647,0.056238,0.210035,4333*3233
DJI_20251107113316_0023,G,Initial,NaN,6196,0.003667,0.030652,N/A
DJI_20251107113316_0023,G,Global,0.6010,3081,0.069002,0.251381,4289*3229
DJI_20251107113316_0023,G,Proposed,0.8552,6196,0.074137,0.275155,4328*3233
DJI_20251107113316_0023,R,Initial,NaN,4303,0.008768,0.061876,N/A
DJI_20251107113316_0023,R,Global,1.0307,2115,0.045199,0.221645,4289*3229
DJI_20251107113316_0023,R,Proposed,0.6629,4303,0.048112,0.244604,4328*3233
DJI_20251107113316_0023,NIR,Initial,NaN,5830,0.006612,0.040499,N/A
DJI_20251107113316_0023,NIR,Global,0.8631,2836,0.070337,0.240915,4289*3229
DJI_20251107113316_0023,NIR,Proposed,0.6468,5830,0.075342,0.267157,4328*3233
DJI_20251107113316_0023,RE,Initial,NaN,4973,0.005044,0.023741,N/A
DJI_20251107113316_0023,RE,Global,0.5827,2412,0.056181,0.251518,4289*3229
DJI_20251107113316_0023,RE,Proposed,0.6462,4973,0.060222,0.273567,4328*3233
DJI_20251107113320_0025,G,Initial,NaN,6745,0.004277,0.032494,N/A
DJI_20251107113320_0025,G,Global,0.5940,2868,0.073173,0.272277,3773*2633
DJI_20251107113320_0025,G,Proposed,0.5824,6745,0.081487,0.304394,4326*3229
DJI_20251107113320_0025,R,Initial,NaN,3492,0.009529,0.059158,N/A
DJI_20251107113320_0025,R,Global,1.0650,2135,0.048010,0.226449,3773*2633
DJI_20251107113320_0025,R,Proposed,0.9986,3492,0.050631,0.249512,4326*3229
DJI_20251107113320_0025,NIR,Initial,NaN,6457,0.007057,0.044025,N/A
DJI_20251107113320_0025,NIR,Global,0.5740,3037,0.078464,0.273683,3773*2633
DJI_20251107113320_0025,NIR,Proposed,0.5554,6457,0.084287,0.298344,4326*3229
DJI_20251107113320_0025,RE,Initial,NaN,5043,0.004839,0.017956,N/A
DJI_20251107113320_0025,RE,Global,0.9994,2434,0.060771,0.220435,3773*2633
DJI_20251107113320_0025,RE,Proposed,0.6296,5043,0.064944,0.247099,4326*3229
DJI_20251107113324_0027,G,Initial,NaN,5113,0.002937,0.019273,N/A
DJI_20251107113324_0027,G,Global,0.9741,2326,0.058055,0.185252,4259*1849
DJI_20251107113324_0027,G,Proposed,0.8820,5113,0.064309,0.216451,4306*3203
DJI_20251107113324_0027,R,Initial,NaN,3035,0.005572,0.034832,N/A
DJI_20251107113324_0027,R,Global,1.0703,1600,0.035211,0.178423,4259*1849
DJI_20251107113324_0027,R,Proposed,0.5997,3035,0.036521,0.191017,4306*3203
DJI_20251107113324_0027,NIR,Initial,NaN,4715,0.004213,0.023612,N/A
DJI_20251107113324_0027,NIR,Global,1.0820,2251,0.059791,0.198787,4259*1849
DJI_20251107113324_0027,NIR,Proposed,1.0466,4715,0.065327,0.222689,4306*3203
DJI_20251107113324_0027,RE,Initial,NaN,3392,0.002434,-0.000862,N/A
DJI_20251107113324_0027,RE,Global,1.0393,1950,0.045768,0.197713,4259*1849
DJI_20251107113324_0027,RE,Proposed,0.9864,3392,0.048620,0.217202,4306*3203
DJI_20251107113326_0028,G,Initial,NaN,5099,0.003219,0.025225,N/A
DJI_20251107113326_0028,G,Global,0.9683,2230,0.052036,0.180018,3814*2285
DJI_20251107113326_0028,G,Proposed,0.6717,5099,0.056734,0.208178,4327*3203
DJI_20251107113326_0028,R,Initial,NaN,3099,0.006235,0.041379,N/A
DJI_20251107113326_0028,R,Global,1.1458,1578,0.031846,0.169011,3814*2285
DJI_20251107113326_0028,R,Proposed,0.8545,3099,0.033762,0.185364,4327*3203
DJI_20251107113326_0028,NIR,Initial,NaN,3822,0.005451,0.031845,N/A
DJI_20251107113326_0028,NIR,Global,1.0331,1793,0.047532,0.172668,3814*2285
DJI_20251107113326_0028,NIR,Proposed,0.6048,3822,0.051767,0.189752,4327*3203
DJI_20251107113326_0028,RE,Initial,NaN,3450,0.003799,0.011375,N/A
DJI_20251107113326_0028,RE,Global,0.9835,1696,0.039507,0.153078,3814*2285
DJI_20251107113326_0028,RE,Proposed,1.0915,3450,0.042958,0.173795,4327*3203
DJI_20251107113328_0029,G,Initial,NaN,5203,0.003864,0.022617,N/A
DJI_20251107113328_0029,G,Global,0.6118,2461,0.055682,0.212201,2354*2539
DJI_20251107113328_0029,G,Proposed,0.5977,5203,0.059563,0.230620,4320*3208
DJI_20251107113328_0029,R,Initial,NaN,2756,0.006475,0.031434,N/A
DJI_20251107113328_0029,R,Global,1.1609,1528,0.034471,0.170603,2354*2539
DJI_20251107113328_0029,R,Proposed,0.9693,2756,0.036211,0.184101,4320*3208
DJI_20251107113328_0029,NIR,Initial,NaN,3549,0.006809,0.031970,N/A
DJI_20251107113328_0029,NIR,Global,1.2696,1644,0.050978,0.153791,2354*2539
DJI_20251107113328_0029,NIR,Proposed,0.9512,3549,0.054933,0.171527,4320*3208
DJI_20251107113328_0029,RE,Initial,NaN,4048,0.003891,0.005246,N/A
DJI_20251107113328_0029,RE,Global,0.6193,1951,0.043465,0.184644,2354*2539
DJI_20251107113328_0029,RE,Proposed,0.8853,4048,0.047270,0.207880,4320*3208
DJI_20251107113330_0030,G,Initial,NaN,5329,0.004360,0.026410,N/A
DJI_20251107113330_0030,G,Global,1.0861,2298,0.062994,0.204053,4325*3128
DJI_20251107113330_0030,G,Proposed,0.6415,5329,0.070055,0.232729,4324*3221
DJI_20251107113330_0030,R,Initial,NaN,3672,0.009997,0.053672,N/A
DJI_20251107113330_0030,R,Global,0.9328,1817,0.048144,0.203425,4325*3128
DJI_20251107113330_0030,R,Proposed,0.9768,3672,0.050853,0.230595,4324*3221
DJI_20251107113330_0030,NIR,Initial,NaN,5030,0.007693,0.035429,N/A
DJI_20251107113330_0030,NIR,Global,1.0858,2324,0.065882,0.216257,4325*3128
DJI_20251107113330_0030,NIR,Proposed,0.6278,5030,0.070747,0.241477,4324*3221
DJI_20251107113330_0030,RE,Initial,NaN,4467,0.005579,0.010564,N/A
DJI_20251107113330_0030,RE,Global,0.6444,2173,0.056065,0.224205,4325*3128
DJI_20251107113330_0030,RE,Proposed,0.6863,4467,0.059058,0.243983,4324*3221
DJI_20251107113332_0031,G,Initial,NaN,3152,0.004495,0.026457,N/A
DJI_20251107113332_0031,G,Global,1.2657,1559,0.042800,0.154109,3955*3124
DJI_20251107113332_0031,G,Proposed,0.7769,3152,0.045279,0.168397,4333*3228
DJI_20251107113332_0031,R,Initial,NaN,2570,0.006019,0.034595,N/A
DJI_20251107113332_0031,R,Global,1.1124,1219,0.029587,0.136815,3955*3124
DJI_20251107113332_0031,R,Proposed,1.0204,2570,0.031498,0.148550,4333*3228
DJI_20251107113332_0031,NIR,Initial,NaN,3537,0.007756,0.036856,N/A
DJI_20251107113332_0031,NIR,Global,1.1099,1765,0.049695,0.163255,3955*3124
DJI_20251107113332_0031,NIR,Proposed,0.9383,3537,0.053509,0.177975,4333*3228
DJI_20251107113332_0031,RE,Initial,NaN,2931,0.004801,0.012200,N/A
DJI_20251107113332_0031,RE,Global,1.2406,1470,0.039638,0.140527,3955*3124
DJI_20251107113332_0031,RE,Proposed,1.0497,2931,0.042034,0.152121,4333*3228
DJI_20251107113338_0034,G,Initial,NaN,5374,0.003499,0.021665,N/A
DJI_20251107113338_0034,G,Global,0.8218,2484,0.061144,0.223261,3931*2232
DJI_20251107113338_0034,G,Proposed,0.5411,5374,0.066051,0.246900,4316*3218
DJI_20251107113338_0034,R,Initial,NaN,3250,0.006900,0.052129,N/A
DJI_20251107113338_0034,R,Global,1.0540,1653,0.037376,0.200955,3931*2232
DJI_20251107113338_0034,R,Proposed,1.0182,3250,0.038919,0.216692,4316*3218
DJI_20251107113338_0034,NIR,Initial,NaN,5199,0.005269,0.033313,N/A
DJI_20251107113338_0034,NIR,Global,0.9794,2313,0.061088,0.218373,3931*2232
DJI_20251107113338_0034,NIR,Proposed,0.6375,5199,0.067159,0.251203,4316*3218
DJI_20251107113338_0034,RE,Initial,NaN,3479,0.003729,0.015315,N/A
DJI_20251107113338_0034,RE,Global,1.0728,1492,0.044198,0.166456,3931*2232
DJI_20251107113338_0034,RE,Proposed,1.0780,3479,0.047122,0.185292,4316*3218
DJI_20251107113340_0035,G,Initial,NaN,3497,0.005028,0.023925,N/A
DJI_20251107113340_0035,G,Global,0.6219,1576,0.042836,0.165927,3845*3235
DJI_20251107113340_0035,G,Proposed,0.8721,3497,0.045867,0.183349,4320*3236
DJI_20251107113340_0035,R,Initial,NaN,1983,0.003844,0.023120,N/A
DJI_20251107113340_0035,R,Global,1.2203,1000,0.021883,0.120389,3845*3235
DJI_20251107113340_0035,R,Proposed,0.6187,1983,0.023029,0.131388,4320*3236
DJI_20251107113340_0035,NIR,Initial,NaN,2853,0.007578,0.035870,N/A
DJI_20251107113340_0035,NIR,Global,1.1143,1474,0.047274,0.156786,3845*3235
DJI_20251107113340_0035,NIR,Proposed,1.1561,2853,0.051012,0.171013,4320*3236
DJI_20251107113340_0035,RE,Initial,NaN,2320,0.003710,0.010301,N/A
DJI_20251107113340_0035,RE,Global,1.2334,1182,0.029222,0.131647,3845*3235
DJI_20251107113340_0035,RE,Proposed,0.9414,2320,0.030574,0.141331,4320*3236
DJI_20251107113344_0037,G,Initial,NaN,3398,0.002479,0.009406,N/A
DJI_20251107113344_0037,G,Global,1.1580,1642,0.037981,0.139932,3647*3195
DJI_20251107113344_0037,G,Proposed,0.6683,3398,0.041096,0.156689,4310*3192
DJI_20251107113344_0037,R,Initial,NaN,1995,0.004430,0.031120,N/A
DJI_20251107113344_0037,R,Global,1.2113,1130,0.022237,0.125294,3647*3195
DJI_20251107113344_0037,R,Proposed,0.8567,1995,0.023173,0.134896,4310*3192
DJI_20251107113344_0037,NIR,Initial,NaN,2383,0.004435,0.013143,N/A
DJI_20251107113344_0037,NIR,Global,0.7088,1186,0.032164,0.112077,3647*3195
DJI_20251107113344_0037,NIR,Proposed,0.7172,2383,0.034480,0.125475,4310*3192
DJI_20251107113344_0037,RE,Initial,NaN,2035,0.002969,0.005321,N/A
DJI_20251107113344_0037,RE,Global,0.8205,1152,0.024431,0.124364,3647*3195
DJI_20251107113344_0037,RE,Proposed,0.9730,2035,0.025782,0.138694,4310*3192
DJI_20251107113346_0038,G,Initial,NaN,3607,0.003302,0.013280,N/A
DJI_20251107113346_0038,G,Global,1.0438,1669,0.046563,0.157819,2664*3066
DJI_20251107113346_0038,G,Proposed,1.1269,3607,0.050738,0.178222,4329*3231
DJI_20251107113346_0038,R,Initial,NaN,2206,0.004578,0.029793,N/A
DJI_20251107113346_0038,R,Global,1.0608,1577,0.032740,0.175244,2664*3066
DJI_20251107113346_0038,R,Proposed,1.0621,2206,0.034463,0.188715,4329*3231
DJI_20251107113346_0038,NIR,Initial,NaN,3934,0.006024,0.022805,N/A
DJI_20251107113346_0038,NIR,Global,1.0770,2040,0.054108,0.184007,2664*3066
DJI_20251107113346_0038,NIR,Proposed,1.0097,3934,0.058856,0.206510,4329*3231
DJI_20251107113346_0038,RE,Initial,NaN,3460,0.002552,0.000054,N/A
DJI_20251107113346_0038,RE,Global,1.1737,1727,0.040134,0.162629,2664*3066
DJI_20251107113346_0038,RE,Proposed,0.6000,3460,0.042987,0.181545,4329*3231
DJI_20251107113348_0039,G,Initial,NaN,4380,0.002708,0.015126,N/A
DJI_20251107113348_0039,G,Global,0.6022,2099,0.053262,0.175607,2647*3226
DJI_20251107113348_0039,G,Proposed,1.0487,4380,0.057990,0.197750,4307*3220
DJI_20251107113348_0039,R,Initial,NaN,2035,0.005096,0.041372,N/A
DJI_20251107113348_0039,R,Global,1.0933,1443,0.030266,0.153536,2647*3226
DJI_20251107113348_0039,R,Proposed,1.1126,2035,0.031471,0.166082,4307*3220
DJI_20251107113348_0039,NIR,Initial,NaN,3782,0.004521,0.021709,N/A
DJI_20251107113348_0039,NIR,Global,1.1095,1600,0.052873,0.167691,2647*3226
DJI_20251107113348_0039,NIR,Proposed,1.0343,3782,0.057229,0.184759,4307*3220
DJI_20251107113348_0039,RE,Initial,NaN,2509,0.002287,0.002518,N/A
DJI_20251107113348_0039,RE,Global,1.1189,1498,0.041721,0.136947,2647*3226
DJI_20251107113348_0039,RE,Proposed,1.1258,2509,0.045553,0.156541,4307*3220
DJI_20251107113350_0040,G,Initial,NaN,4157,0.002891,0.014288,N/A
DJI_20251107113350_0040,G,Global,1.2718,1938,0.048921,0.162414,2625*3231
DJI_20251107113350_0040,G,Proposed,0.6394,4157,0.054051,0.183755,4308*3227
DJI_20251107113350_0040,R,Initial,NaN,2533,0.004959,0.039077,N/A
DJI_20251107113350_0040,R,Global,1.2831,1257,0.029096,0.126070,2625*3231
DJI_20251107113350_0040,R,Proposed,1.1461,2533,0.030947,0.146167,4308*3227
DJI_20251107113350_0040,NIR,Initial,NaN,3750,0.004802,0.020989,N/A
DJI_20251107113350_0040,NIR,Global,1.3114,1799,0.051586,0.167378,2625*3231
DJI_20251107113350_0040,NIR,Proposed,0.6923,3750,0.055216,0.186724,4308*3227
DJI_20251107113350_0040,RE,Initial,NaN,3479,0.002421,0.003221,N/A
DJI_20251107113350_0040,RE,Global,1.2322,1708,0.043240,0.155512,2625*3231
DJI_20251107113350_0040,RE,Proposed,0.6960,3479,0.045990,0.174909,4308*3227
DJI_20251107113352_0041,G,Initial,NaN,3965,0.002219,0.009077,N/A
DJI_20251107113352_0041,G,Global,1.1278,1875,0.046169,0.151714,2616*3098
DJI_20251107113352_0041,G,Proposed,0.7081,3965,0.051236,0.176301,4318*3190
DJI_20251107113352_0041,R,Initial,NaN,2337,0.002918,0.013807,N/A
DJI_20251107113352_0041,R,Global,1.1209,1089,0.028290,0.120950,2616*3098
DJI_20251107113352_0041,R,Proposed,1.1148,2337,0.029778,0.134963,4318*3190
DJI_20251107113352_0041,NIR,Initial,NaN,3499,0.003785,0.010711,N/A
DJI_20251107113352_0041,NIR,Global,0.8879,2053,0.057245,0.177351,2616*3098
DJI_20251107113352_0041,NIR,Proposed,1.1869,3499,0.062284,0.197808,4318*3190
DJI_20251107113352_0041,RE,Initial,NaN,2886,0.001784,-0.002396,N/A
DJI_20251107113352_0041,RE,Global,1.1741,1514,0.040216,0.158040,2616*3098
DJI_20251107113352_0041,RE,Proposed,1.2093,2886,0.044525,0.179225,4318*3190
DJI_20251107113356_0043,G,Initial,NaN,5768,0.003583,0.022300,N/A
DJI_20251107113356_0043,G,Global,1.1649,2706,0.057210,0.184498,2797*2617
DJI_20251107113356_0043,G,Proposed,0.9335,5768,0.064022,0.210366,4334*3224
DJI_20251107113356_0043,R,Initial,NaN,4045,0.006014,0.043790,N/A
DJI_20251107113356_0043,R,Global,0.6892,2015,0.045841,0.191645,2797*2617
DJI_20251107113356_0043,R,Proposed,0.9676,4045,0.048386,0.212290,4334*3224
DJI_20251107113356_0043,NIR,Initial,NaN,6495,0.006278,0.034925,N/A
DJI_20251107113356_0043,NIR,Global,0.8605,3164,0.076116,0.255017,2797*2617
DJI_20251107113356_0043,NIR,Proposed,0.7084,6495,0.082534,0.281464,4334*3224
DJI_20251107113356_0043,RE,Initial,NaN,5029,0.003533,0.016654,N/A
DJI_20251107113356_0043,RE,Global,0.9243,2442,0.057379,0.216008,2797*2617
DJI_20251107113356_0043,RE,Proposed,0.6670,5029,0.060421,0.236905,4334*3224
DJI_20251107113358_0044,G,Initial,NaN,5517,0.004604,0.035519,N/A
DJI_20251107113358_0044,G,Global,1.0052,2682,0.067340,0.208648,4188*3223
DJI_20251107113358_0044,G,Proposed,0.5708,5517,0.073318,0.231359,4322*3232
DJI_20251107113358_0044,R,Initial,NaN,2362,0.004856,0.037728,N/A
DJI_20251107113358_0044,R,Global,1.1314,1301,0.034026,0.147233,4188*3223
DJI_20251107113358_0044,R,Proposed,1.0664,2362,0.035979,0.162968,4322*3232
DJI_20251107113358_0044,NIR,Initial,NaN,3592,0.006577,0.047870,N/A
DJI_20251107113358_0044,NIR,Global,1.1356,1962,0.062888,0.193726,4188*3223
DJI_20251107113358_0044,NIR,Proposed,1.0358,3592,0.066015,0.202263,4322*3232
DJI_20251107113358_0044,RE,Initial,NaN,2885,0.003563,0.020056,N/A
DJI_20251107113358_0044,RE,Global,1.2093,1437,0.042333,0.154436,4188*3223
DJI_20251107113358_0044,RE,Proposed,1.1636,2885,0.045427,0.165028,4322*3232
DJI_20251107113400_0045,G,Initial,NaN,3359,0.003528,0.029264,N/A
DJI_20251107113400_0045,G,Global,0.8097,2357,0.053748,0.181642,4271*3212
DJI_20251107113400_0045,G,Proposed,1.0291,3359,0.059893,0.208037,4326*3235
DJI_20251107113400_0045,R,Initial,NaN,2447,0.005490,0.051010,N/A
DJI_20251107113400_0045,R,Global,0.9287,1450,0.032977,0.145213,4271*3212
DJI_20251107113400_0045,R,Proposed,0.9204,2447,0.034952,0.158778,4326*3235
DJI_20251107113400_0045,NIR,Initial,NaN,4451,0.006015,0.039664,N/A
DJI_20251107113400_0045,NIR,Global,0.8422,2137,0.056297,0.181275,4271*3212
DJI_20251107113400_0045,NIR,Proposed,0.6568,4451,0.060543,0.196703,4326*3235
DJI_20251107113400_0045,RE,Initial,NaN,2634,0.003241,0.018486,N/A
DJI_20251107113400_0045,RE,Global,1.1913,1721,0.036907,0.167389,4271*3212
DJI_20251107113400_0045,RE,Proposed,1.0902,2634,0.038789,0.180321,4326*3235
DJI_20251107113402_0046,G,Initial,NaN,4476,0.003283,0.031180,N/A
DJI_20251107113402_0046,G,Global,0.6260,2165,0.055284,0.176678,4167*3223
DJI_20251107113402_0046,G,Proposed,0.6414,4476,0.060932,0.197263,4322*3226
DJI_20251107113402_0046,R,Initial,NaN,2911,0.005361,0.054352,N/A
DJI_20251107113402_0046,R,Global,1.1453,1445,0.034409,0.156746,4167*3223
DJI_20251107113402_0046,R,Proposed,0.9829,2911,0.036121,0.171334,4322*3226
DJI_20251107113402_0046,NIR,Initial,NaN,4148,0.005356,0.040028,N/A
DJI_20251107113402_0046,NIR,Global,0.7691,1863,0.056550,0.165577,4167*3223
DJI_20251107113402_0046,NIR,Proposed,0.6083,4148,0.064072,0.187672,4322*3226
DJI_20251107113402_0046,RE,Initial,NaN,3214,0.003356,0.020543,N/A
DJI_20251107113402_0046,RE,Global,1.1254,1828,0.046075,0.162060,4167*3223
DJI_20251107113402_0046,RE,Proposed,1.1358,3214,0.050033,0.180197,4322*3226
DJI_20251107113404_0047,G,Initial,NaN,4519,0.003190,0.028632,N/A
DJI_20251107113404_0047,G,Global,0.8182,2122,0.050526,0.193322,3965*2349
DJI_20251107113404_0047,G,Proposed,0.6064,4519,0.055384,0.213021,4314*3206
DJI_20251107113404_0047,R,Initial,NaN,3099,0.004794,0.043590,N/A
DJI_20251107113404_0047,R,Global,1.2056,1385,0.029533,0.145123,3965*2349
DJI_20251107113404_0047,R,Proposed,1.0762,3099,0.031379,0.157094,4314*3206
DJI_20251107113404_0047,NIR,Initial,NaN,3111,0.005616,0.037054,N/A
DJI_20251107113404_0047,NIR,Global,1.1038,1507,0.040506,0.151974,3965*2349
DJI_20251107113404_0047,NIR,Proposed,0.8894,3111,0.045819,0.171093,4314*3206
DJI_20251107113404_0047,RE,Initial,NaN,3057,0.003335,0.020757,N/A
DJI_20251107113404_0047,RE,Global,1.1147,1608,0.036686,0.141385,3965*2349
DJI_20251107113404_0047,RE,Proposed,0.9415,3057,0.040321,0.159685,4314*3206
DJI_20251107113406_0048,G,Initial,NaN,4437,0.003128,0.027480,N/A
DJI_20251107113406_0048,G,Global,1.0620,2277,0.045888,0.158268,3027*3040
DJI_20251107113406_0048,G,Proposed,0.6396,4437,0.050219,0.180420,4334*3201
DJI_20251107113406_0048,R,Initial,NaN,2735,0.005515,0.046154,N/A
DJI_20251107113406_0048,R,Global,1.1355,1414,0.030540,0.139008,3027*3040
DJI_20251107113406_0048,R,Proposed,0.8715,2735,0.032428,0.152823,4334*3201
DJI_20251107113406_0048,NIR,Initial,NaN,3709,0.006022,0.039281,N/A
DJI_20251107113406_0048,NIR,Global,1.2319,1909,0.046783,0.155438,3027*3040
DJI_20251107113406_0048,NIR,Proposed,1.0300,3709,0.052453,0.180460,4334*3201
DJI_20251107113406_0048,RE,Initial,NaN,3172,0.003133,0.018926,N/A
DJI_20251107113406_0048,RE,Global,0.6007,1853,0.035894,0.154071,3027*3040
DJI_20251107113406_0048,RE,Proposed,1.0088,3172,0.039130,0.171829,4334*3201
DJI_20251107113408_0049,G,Initial,NaN,5645,0.003605,0.024966,N/A
DJI_20251107113408_0049,G,Global,0.7447,2727,0.058819,0.195962,3971*1516
DJI_20251107113408_0049,G,Proposed,0.6399,5645,0.064229,0.219810,4308*3218
DJI_20251107113408_0049,R,Initial,NaN,2893,0.006251,0.044764,N/A
DJI_20251107113408_0049,R,Global,0.9298,1834,0.036103,0.156776,3971*1516
DJI_20251107113408_0049,R,Proposed,1.0714,2893,0.038453,0.176801,4308*3218
DJI_20251107113408_0049,NIR,Initial,NaN,4832,0.005986,0.032559,N/A
DJI_20251107113408_0049,NIR,Global,1.0874,2417,0.054515,0.190809,3971*1516
DJI_20251107113408_0049,NIR,Proposed,0.7696,4832,0.058982,0.211370,4308*3218
DJI_20251107113408_0049,RE,Initial,NaN,3782,0.003479,0.010736,N/A
DJI_20251107113408_0049,RE,Global,1.0163,1730,0.041667,0.150743,3971*1516
DJI_20251107113408_0049,RE,Proposed,1.0959,3782,0.044297,0.170029,4308*3218
DJI_20251107113410_0050,G,Initial,NaN,4151,0.003199,0.030008,N/A
DJI_20251107113410_0050,G,Global,1.0810,2014,0.037942,0.140315,4258*3051
DJI_20251107113410_0050,G,Proposed,1.1279,4151,0.041678,0.156771,4329*3232
DJI_20251107113410_0050,R,Initial,NaN,3442,0.006617,0.055422,N/A
DJI_20251107113410_0050,R,Global,1.0798,1790,0.033375,0.141387,4258*3051
DJI_20251107113410_0050,R,Proposed,0.9498,3442,0.035102,0.154575,4329*3232
DJI_20251107113410_0050,NIR,Initial,NaN,4279,0.004660,0.036766,N/A
DJI_20251107113410_0050,NIR,Global,1.1814,2099,0.041780,0.145315,4258*3051
DJI_20251107113410_0050,NIR,Proposed,0.9394,4279,0.046337,0.168621,4329*3232
DJI_20251107113410_0050,RE,Initial,NaN,3090,0.003262,0.018183,N/A
DJI_20251107113410_0050,RE,Global,1.0174,2051,0.037618,0.141463,4258*3051
DJI_20251107113410_0050,RE,Proposed,1.0431,3090,0.039971,0.155599,4329*3232
DJI_20251107113412_0051,G,Initial,NaN,5355,0.003606,0.035620,N/A
DJI_20251107113412_0051,G,Global,0.6014,2460,0.059486,0.213292,4267*3230
DJI_20251107113412_0051,G,Proposed,0.5772,5355,0.065465,0.232785,4341*3234
DJI_20251107113412_0051,R,Initial,NaN,2833,0.004935,0.048370,N/A
DJI_20251107113412_0051,R,Global,1.0803,1675,0.035027,0.174968,4267*3230
DJI_20251107113412_0051,R,Proposed,1.1831,2833,0.038240,0.187265,4341*3234
DJI_20251107113412_0051,NIR,Initial,NaN,4501,0.006362,0.044564,N/A
DJI_20251107113412_0051,NIR,Global,1.1108,2277,0.064114,0.208420,4267*3230
DJI_20251107113412_0051,NIR,Proposed,0.9458,4501,0.071096,0.233739,4341*3234
DJI_20251107113412_0051,RE,Initial,NaN,4011,0.004806,0.029159,N/A
DJI_20251107113412_0051,RE,Global,1.1414,1995,0.044251,0.189632,4267*3230
DJI_20251107113412_0051,RE,Proposed,1.0271,4011,0.047750,0.207151,4341*3234
DJI_20251107113414_0052,G,Initial,NaN,4637,0.002908,0.027526,N/A
DJI_20251107113414_0052,G,Global,1.1243,2201,0.052722,0.174742,3615*3206
DJI_20251107113414_0052,G,Proposed,0.8830,4637,0.059188,0.200797,4317*3198
DJI_20251107113414_0052,R,Initial,NaN,2473,0.003988,0.041228,N/A
DJI_20251107113414_0052,R,Global,0.6606,1356,0.029418,0.128662,3615*3206
DJI_20251107113414_0052,R,Proposed,0.9885,2473,0.031496,0.142349,4317*3198
DJI_20251107113414_0052,NIR,Initial,NaN,3473,0.005117,0.033402,N/A
DJI_20251107113414_0052,NIR,Global,1.1007,1859,0.050154,0.165121,3615*3206
DJI_20251107113414_0052,NIR,Proposed,0.9283,3473,0.054643,0.181057,4317*3198
DJI_20251107113414_0052,RE,Initial,NaN,2634,0.004058,0.022046,N/A
DJI_20251107113414_0052,RE,Global,1.1725,1591,0.037575,0.153241,3615*3206
DJI_20251107113414_0052,RE,Proposed,1.1904,2634,0.040963,0.169690,4317*3198
DJI_20251107113416_0053,G,Initial,NaN,4133,0.001937,0.016003,N/A
DJI_20251107113416_0053,G,Global,0.9371,2082,0.044314,0.176718,3803*2145
DJI_20251107113416_0053,G,Proposed,0.5713,4133,0.048401,0.194268,4277*3161
DJI_20251107113416_0053,R,Initial,NaN,2067,0.004007,0.026726,N/A
DJI_20251107113416_0053,R,Global,1.1238,1305,0.027700,0.124383,3803*2145
DJI_20251107113416_0053,R,Proposed,1.1038,2067,0.029252,0.135409,4277*3161
DJI_20251107113416_0053,NIR,Initial,NaN,3298,0.002831,0.019665,N/A
DJI_20251107113416_0053,NIR,Global,1.1618,1773,0.037297,0.158727,3803*2145
DJI_20251107113416_0053,NIR,Proposed,0.9500,3298,0.039476,0.173612,4277*3161
DJI_20251107113416_0053,RE,Initial,NaN,2283,0.001676,0.001276,N/A
DJI_20251107113416_0053,RE,Global,0.7387,1411,0.032212,0.127708,3803*2145
DJI_20251107113416_0053,RE,Proposed,1.1447,2283,0.034851,0.140823,4277*3161
DJI_20251107113418_0054,G,Initial,NaN,4356,0.003903,0.031075,N/A
DJI_20251107113418_0054,G,Global,1.1517,1947,0.047158,0.181667,3960*2224
DJI_20251107113418_0054,G,Proposed,0.8457,4356,0.051847,0.206257,4327*3219
DJI_20251107113418_0054,R,Initial,NaN,2836,0.005304,0.045584,N/A
DJI_20251107113418_0054,R,Global,1.1523,1352,0.027716,0.146549,3960*2224
DJI_20251107113418_0054,R,Proposed,1.0909,2836,0.029085,0.156906,4327*3219
DJI_20251107113418_0054,NIR,Initial,NaN,3519,0.006688,0.041277,N/A
DJI_20251107113418_0054,NIR,Global,1.1075,1653,0.044515,0.160863,3960*2224
DJI_20251107113418_0054,NIR,Proposed,1.0543,3519,0.050624,0.184867,4327*3219
DJI_20251107113418_0054,RE,Initial,NaN,3447,0.002931,0.015959,N/A
DJI_20251107113418_0054,RE,Global,1.1829,1486,0.035808,0.132153,3960*2224
DJI_20251107113418_0054,RE,Proposed,1.0842,3447,0.037806,0.144529,4327*3219
DJI_20251107113420_0055,G,Initial,NaN,4845,0.002798,0.032958,N/A
DJI_20251107113420_0055,G,Global,0.7589,2264,0.048058,0.192451,4216*3165
DJI_20251107113420_0055,G,Proposed,0.8411,4845,0.053568,0.218008,4297*3215
DJI_20251107113420_0055,R,Initial,NaN,2787,0.004980,0.052211,N/A
DJI_20251107113420_0055,R,Global,1.1701,1280,0.029065,0.162843,4216*3165
DJI_20251107113420_0055,R,Proposed,1.1131,2787,0.030488,0.176711,4297*3215
DJI_20251107113420_0055,NIR,Initial,NaN,4471,0.004802,0.037170,N/A
DJI_20251107113420_0055,NIR,Global,1.1344,1903,0.052063,0.182647,4216*3165
DJI_20251107113420_0055,NIR,Proposed,1.1060,4471,0.059490,0.212636,4297*3215
DJI_20251107113420_0055,RE,Initial,NaN,3505,0.002950,0.021715,N/A
DJI_20251107113420_0055,RE,Global,1.1530,1813,0.038721,0.176597,4216*3165
DJI_20251107113420_0055,RE,Proposed,0.8650,3505,0.042269,0.199885,4297*3215
DJI_20251107113422_0056,G,Initial,NaN,5594,0.003286,0.029685,N/A
DJI_20251107113422_0056,G,Global,0.7019,2634,0.056419,0.203086,3504*2520
DJI_20251107113422_0056,G,Proposed,0.7355,5594,0.063565,0.236977,4312*3215
DJI_20251107113422_0056,R,Initial,NaN,3397,0.005571,0.048135,N/A
DJI_20251107113422_0056,R,Global,0.7278,1741,0.033727,0.168092,3504*2520
DJI_20251107113422_0056,R,Proposed,0.6208,3397,0.035532,0.186190,4312*3215
DJI_20251107113422_0056,NIR,Initial,NaN,4382,0.005927,0.039099,N/A
DJI_20251107113422_0056,NIR,Global,1.1476,1864,0.049796,0.183883,3504*2520
DJI_20251107113422_0056,NIR,Proposed,0.9723,4382,0.054903,0.203384,4312*3215
DJI_20251107113422_0056,RE,Initial,NaN,3657,0.003104,0.015380,N/A
DJI_20251107113422_0056,RE,Global,1.1089,1952,0.044036,0.180090,3504*2520
DJI_20251107113422_0056,RE,Proposed,0.9879,3657,0.047169,0.201726,4312*3215
DJI_20251107113424_0057,G,Initial,NaN,5530,0.002346,0.019281,N/A
DJI_20251107113424_0057,G,Global,1.1271,2509,0.050862,0.192222,3759*3182
DJI_20251107113424_0057,G,Proposed,1.0071,5530,0.056144,0.220548,4282*3188
DJI_20251107113424_0057,R,Initial,NaN,2935,0.005461,0.047052,N/A
DJI_20251107113424_0057,R,Global,1.0407,1517,0.030300,0.169160,3759*3182
DJI_20251107113424_0057,R,Proposed,0.9352,2935,0.031636,0.180681,4282*3188
DJI_20251107113424_0057,NIR,Initial,NaN,4506,0.003514,0.023793,N/A
DJI_20251107113424_0057,NIR,Global,0.6305,2539,0.057406,0.219464,3759*3182
DJI_20251107113424_0057,NIR,Proposed,0.9219,4506,0.062861,0.246688,4282*3188
DJI_20251107113424_0057,RE,Initial,NaN,3704,0.003489,0.015190,N/A
DJI_20251107113424_0057,RE,Global,1.2441,1593,0.037191,0.159056,3759*3182
DJI_20251107113424_0057,RE,Proposed,1.0455,3704,0.040867,0.177693,4282*3188
DJI_20251107113426_0058,G,Initial,NaN,4029,0.002466,0.025208,N/A
DJI_20251107113426_0058,G,Global,1.2227,1481,0.035176,0.146845,4312*2735
DJI_20251107113426_0058,G,Proposed,1.0137,4029,0.039309,0.169436,4341*3213
DJI_20251107113426_0058,R,Initial,NaN,2876,0.005697,0.044511,N/A
DJI_20251107113426_0058,R,Global,1.0948,1613,0.030799,0.160726,4312*2735
DJI_20251107113426_0058,R,Proposed,1.0565,2876,0.032345,0.174519,4341*3213
DJI_20251107113426_0058,NIR,Initial,NaN,3452,0.003849,0.031741,N/A
DJI_20251107113426_0058,NIR,Global,0.9159,1692,0.036398,0.145851,4312*2735
DJI_20251107113426_0058,NIR,Proposed,0.6136,3452,0.039818,0.166620,4341*3213
DJI_20251107113426_0058,RE,Initial,NaN,3244,0.003883,0.015324,N/A
DJI_20251107113426_0058,RE,Global,1.0393,1663,0.035709,0.147684,4312*2735
DJI_20251107113426_0058,RE,Proposed,1.0313,3244,0.038854,0.165767,4341*3213
DJI_20251107113428_0059,G,Initial,NaN,3662,0.003126,0.030200,N/A
DJI_20251107113428_0059,G,Global,1.1181,1903,0.042749,0.151383,4173*3195
DJI_20251107113428_0059,G,Proposed,1.0034,3662,0.049120,0.179964,4329*3224
DJI_20251107113428_0059,R,Initial,NaN,1961,0.005530,0.043948,N/A
DJI_20251107113428_0059,R,Global,1.0902,1322,0.030321,0.137865,4173*3195
DJI_20251107113428_0059,R,Proposed,1.0285,1961,0.031862,0.150193,4329*3224
DJI_20251107113428_0059,NIR,Initial,NaN,4232,0.005753,0.038812,N/A
DJI_20251107113428_0059,NIR,Global,0.5791,1927,0.051408,0.176940,4173*3195
DJI_20251107113428_0059,NIR,Proposed,0.5824,4232,0.056652,0.198916,4329*3224
DJI_20251107113428_0059,RE,Initial,NaN,3698,0.003690,0.015733,N/A
DJI_20251107113428_0059,RE,Global,0.8673,1962,0.041378,0.164422,4173*3195
DJI_20251107113428_0059,RE,Proposed,1.0143,3698,0.044453,0.186790,4329*3224
DJI_20251107113430_0060,G,Initial,NaN,4372,0.002147,0.021465,N/A
DJI_20251107113430_0060,G,Global,1.0279,1883,0.045478,0.159154,4245*3092
DJI_20251107113430_0060,G,Proposed,0.9921,4372,0.050444,0.181661,4287*3193
DJI_20251107113430_0060,R,Initial,NaN,2831,0.004924,0.041948,N/A
DJI_20251107113430_0060,R,Global,1.1647,1656,0.033633,0.163194,4245*3092
DJI_20251107113430_0060,R,Proposed,0.9800,2831,0.035749,0.177702,4287*3193
DJI_20251107113430_0060,NIR,Initial,NaN,3869,0.002936,0.023571,N/A
DJI_20251107113430_0060,NIR,Global,0.5885,1931,0.048453,0.198307,4245*3092
DJI_20251107113430_0060,NIR,Proposed,0.5827,3869,0.050845,0.211025,4287*3193
DJI_20251107113430_0060,RE,Initial,NaN,3224,0.003289,0.012864,N/A
DJI_20251107113430_0060,RE,Global,1.1627,1388,0.038147,0.137406,4245*3092
DJI_20251107113430_0060,RE,Proposed,1.2074,3224,0.041704,0.153864,4287*3193
DJI_20251107113432_0061,G,Initial,NaN,4520,0.003263,0.023906,N/A
DJI_20251107113432_0061,G,Global,0.5865,1976,0.039692,0.177203,4035*3075
DJI_20251107113432_0061,G,Proposed,0.6838,4520,0.044853,0.202058,4305*3181
DJI_20251107113432_0061,R,Initial,NaN,2515,0.006240,0.037317,N/A
DJI_20251107113432_0061,R,Global,0.7618,1406,0.028244,0.122686,4035*3075
DJI_20251107113432_0061,R,Proposed,0.8923,2515,0.030169,0.135291,4305*3181
DJI_20251107113432_0061,NIR,Initial,NaN,3732,0.004692,0.030646,N/A
DJI_20251107113432_0061,NIR,Global,0.6066,1789,0.038903,0.143439,4035*3075
DJI_20251107113432_0061,NIR,Proposed,0.9886,3732,0.044696,0.169180,4305*3181
DJI_20251107113432_0061,RE,Initial,NaN,3180,0.003149,0.011952,N/A
DJI_20251107113432_0061,RE,Global,1.0230,1597,0.031143,0.126389,4035*3075
DJI_20251107113432_0061,RE,Proposed,1.0249,3180,0.033871,0.144467,4305*3181
DJI_20251107113434_0062,G,Initial,NaN,6978,0.004299,0.023196,N/A
DJI_20251107113434_0062,G,Global,0.6308,3439,0.063064,0.243067,2819*3021
DJI_20251107113434_0062,G,Proposed,0.5833,6978,0.068702,0.272033,4304*3186
DJI_20251107113434_0062,R,Initial,NaN,4680,0.009140,0.044343,N/A
DJI_20251107113434_0062,R,Global,1.0156,2195,0.044267,0.210175,2819*3021
DJI_20251107113434_0062,R,Proposed,0.9846,4680,0.046929,0.234382,4304*3186
DJI_20251107113434_0062,NIR,Initial,NaN,6365,0.007122,0.030502,N/A
DJI_20251107113434_0062,NIR,Global,0.7041,2932,0.063203,0.230057,2819*3021
DJI_20251107113434_0062,NIR,Proposed,0.6044,6365,0.068819,0.262759,4304*3186
DJI_20251107113434_0062,RE,Initial,NaN,4738,0.004405,0.011312,N/A
DJI_20251107113434_0062,RE,Global,1.0668,2466,0.049386,0.199588,2819*3021
DJI_20251107113434_0062,RE,Proposed,0.9608,4738,0.053182,0.226816,4304*3186
DJI_20251107113436_0063,G,Initial,NaN,6457,0.003742,0.029326,N/A
DJI_20251107113436_0063,G,Global,0.9379,2861,0.059458,0.209997,2466*3158
DJI_20251107113436_0063,G,Proposed,0.8651,6457,0.066448,0.240979,4341*3213
DJI_20251107113436_0063,R,Initial,NaN,4964,0.009506,0.061966,N/A
DJI_20251107113436_0063,R,Global,0.9535,2534,0.049779,0.217839,2466*3158
DJI_20251107113436_0063,R,Proposed,0.6898,4964,0.052228,0.242559,4341*3213
DJI_20251107113436_0063,NIR,Initial,NaN,6559,0.006318,0.039625,N/A
DJI_20251107113436_0063,NIR,Global,0.7889,3264,0.069399,0.244677,2466*3158
DJI_20251107113436_0063,NIR,Proposed,0.6350,6559,0.076494,0.278254,4341*3213
DJI_20251107113436_0063,RE,Initial,NaN,4706,0.004501,0.017910,N/A
DJI_20251107113436_0063,RE,Global,1.0842,2540,0.051871,0.200620,2466*3158
DJI_20251107113436_0063,RE,Proposed,1.0526,4706,0.056404,0.230937,4341*3213
DJI_20251107113438_0064,G,Initial,NaN,4477,0.002868,0.011924,N/A
DJI_20251107113438_0064,G,Global,1.1249,2026,0.041692,0.150701,4220*2918
DJI_20251107113438_0064,G,Proposed,0.9448,4477,0.045733,0.169554,4309*3163
DJI_20251107113438_0064,R,Initial,NaN,2837,0.006350,0.037311,N/A
DJI_20251107113438_0064,R,Global,1.0184,1314,0.027879,0.134761,4220*2918
DJI_20251107113438_0064,R,Proposed,0.9410,2837,0.029233,0.148036,4309*3163
DJI_20251107113438_0064,NIR,Initial,NaN,3872,0.005032,0.019458,N/A
DJI_20251107113438_0064,NIR,Global,1.0135,1884,0.041808,0.155197,4220*2918
DJI_20251107113438_0064,NIR,Proposed,0.6304,3872,0.044457,0.172928,4309*3163
DJI_20251107113438_0064,RE,Initial,NaN,3400,0.003901,0.007877,N/A
DJI_20251107113438_0064,RE,Global,0.6771,1682,0.032195,0.141469,4220*2918
DJI_20251107113438_0064,RE,Proposed,0.6375,3400,0.034703,0.159505,4309*3163
DJI_20251107113440_0065,G,Initial,NaN,4965,0.001966,0.005100,N/A
DJI_20251107113440_0065,G,Global,1.0221,2221,0.045513,0.168146,4326*2732
DJI_20251107113440_0065,G,Proposed,0.9630,4965,0.050898,0.197947,4318*3132
DJI_20251107113440_0065,R,Initial,NaN,3648,0.005440,0.019430,N/A
DJI_20251107113440_0065,R,Global,1.0616,1888,0.034821,0.196022,4326*2732
DJI_20251107113440_0065,R,Proposed,1.0165,3648,0.036341,0.209426,4318*3132
DJI_20251107113440_0065,NIR,Initial,NaN,4773,0.003145,0.012914,N/A
DJI_20251107113440_0065,NIR,Global,1.0658,2173,0.045928,0.186356,4326*2732
DJI_20251107113440_0065,NIR,Proposed,0.9321,4773,0.048660,0.201437,4318*3132
DJI_20251107113440_0065,RE,Initial,NaN,3809,0.002299,-0.001692,N/A
DJI_20251107113440_0065,RE,Global,1.2200,1791,0.038765,0.169598,4326*2732
DJI_20251107113440_0065,RE,Proposed,1.0451,3809,0.041320,0.189494,4318*3132
DJI_20251107113442_0066,G,Initial,NaN,5289,0.002247,0.005485,N/A
DJI_20251107113442_0066,G,Global,0.9558,2319,0.046160,0.195392,4287*2651
DJI_20251107113442_0066,G,Proposed,0.6652,5289,0.051360,0.224448,4281*3148
DJI_20251107113442_0066,R,Initial,NaN,3114,0.006115,0.030282,N/A
DJI_20251107113442_0066,R,Global,0.6750,1621,0.032550,0.161993,4287*2651
DJI_20251107113442_0066,R,Proposed,0.9953,3114,0.034366,0.179813,4281*3148
DJI_20251107113442_0066,NIR,Initial,NaN,4369,0.003648,0.011655,N/A
DJI_20251107113442_0066,NIR,Global,1.0975,1627,0.037807,0.133982,4287*2651
DJI_20251107113442_0066,NIR,Proposed,0.9686,4369,0.041883,0.157004,4281*3148
DJI_20251107113442_0066,RE,Initial,NaN,4023,0.003090,0.006462,N/A
DJI_20251107113442_0066,RE,Global,0.9688,1877,0.034627,0.164305,4287*2651
DJI_20251107113442_0066,RE,Proposed,0.8568,4023,0.037190,0.189518,4281*3148
DJI_20251107113444_0067,G,Initial,NaN,8075,0.003635,0.029231,N/A
DJI_20251107113444_0067,G,Global,0.8642,3450,0.078972,0.278755,1764*3210
DJI_20251107113444_0067,G,Proposed,0.5724,8075,0.086563,0.318957,4298*3195
DJI_20251107113444_0067,R,Initial,NaN,5027,0.008552,0.059874,N/A
DJI_20251107113444_0067,R,Global,0.6206,2590,0.054462,0.278568,1764*3210
DJI_20251107113444_0067,R,Proposed,0.5829,5027,0.056260,0.295105,4298*3195
DJI_20251107113444_0067,NIR,Initial,NaN,7177,0.005443,0.035515,N/A
DJI_20251107113444_0067,NIR,Global,0.6329,3041,0.078760,0.247936,1764*3210
DJI_20251107113444_0067,NIR,Proposed,0.5898,7177,0.086088,0.283149,4298*3195
DJI_20251107113444_0067,RE,Initial,NaN,5693,0.003993,0.019783,N/A
DJI_20251107113444_0067,RE,Global,0.7122,2361,0.057445,0.234106,1764*3210
DJI_20251107113444_0067,RE,Proposed,1.0257,5693,0.063299,0.271170,4298*3195
DJI_20251107113446_0068,G,Initial,NaN,7294,0.003636,0.025987,N/A
DJI_20251107113446_0068,G,Global,0.8183,3261,0.072660,0.269368,1960*2738
DJI_20251107113446_0068,G,Proposed,0.8149,7294,0.079095,0.302293,4296*3181
DJI_20251107113446_0068,R,Initial,NaN,4256,0.007940,0.057897,N/A
DJI_20251107113446_0068,R,Global,0.9143,2117,0.048921,0.222318,1960*2738
DJI_20251107113446_0068,R,Proposed,0.9238,4256,0.052314,0.255816,4296*3181
DJI_20251107113446_0068,NIR,Initial,NaN,6691,0.006175,0.038443,N/A
DJI_20251107113446_0068,NIR,Global,0.5967,3014,0.070170,0.251612,1960*2738
DJI_20251107113446_0068,NIR,Proposed,0.5648,6691,0.076122,0.283209,4296*3181
DJI_20251107113446_0068,RE,Initial,NaN,5497,0.005854,0.031219,N/A
DJI_20251107113446_0068,RE,Global,0.8117,2592,0.057560,0.249183,1960*2738
DJI_20251107113446_0068,RE,Proposed,0.7507,5497,0.061572,0.278521,4296*3181
DJI_20251107113448_0069,G,Initial,NaN,7362,0.003625,0.031911,N/A
DJI_20251107113448_0069,G,Global,0.6384,3329,0.075889,0.265121,3158*2388
DJI_20251107113448_0069,G,Proposed,0.5654,7362,0.082694,0.298301,4341*3234
DJI_20251107113448_0069,R,Initial,NaN,4808,0.008404,0.072998,N/A
DJI_20251107113448_0069,R,Global,0.6390,2187,0.050885,0.229229,3158*2388
DJI_20251107113448_0069,R,Proposed,0.6251,4808,0.054082,0.253253,4341*3234
DJI_20251107113448_0069,NIR,Initial,NaN,5711,0.005679,0.045747,N/A
DJI_20251107113448_0069,NIR,Global,0.6822,2667,0.063198,0.216837,3158*2388
DJI_20251107113448_0069,NIR,Proposed,1.0290,5711,0.069848,0.245627,4341*3234
DJI_20251107113448_0069,RE,Initial,NaN,5299,0.004467,0.034340,N/A
DJI_20251107113448_0069,RE,Global,1.1365,2420,0.060191,0.209143,3158*2388
DJI_20251107113448_0069,RE,Proposed,0.9379,5299,0.065669,0.241927,4341*3234
DJI_20251107113450_0070,G,Initial,NaN,4969,0.003984,0.023986,N/A
DJI_20251107113450_0070,G,Global,1.0577,2078,0.054321,0.197906,2588*3116
DJI_20251107113450_0070,G,Proposed,1.0413,4969,0.058251,0.215801,4335*3221
DJI_20251107113450_0070,R,Initial,NaN,4241,0.007217,0.050594,N/A
DJI_20251107113450_0070,R,Global,1.0387,2206,0.045416,0.204419,2588*3116
DJI_20251107113450_0070,R,Proposed,0.9803,4241,0.047262,0.225380,4335*3221
DJI_20251107113450_0070,NIR,Initial,NaN,4576,0.005694,0.030887,N/A
DJI_20251107113450_0070,NIR,Global,1.2763,1942,0.052505,0.162703,2588*3116
DJI_20251107113450_0070,NIR,Proposed,0.6590,4576,0.056189,0.186808,4335*3221
DJI_20251107113450_0070,RE,Initial,NaN,4436,0.004598,0.020210,N/A
DJI_20251107113450_0070,RE,Global,0.8266,2151,0.050648,0.198801,2588*3116
DJI_20251107113450_0070,RE,Proposed,0.9055,4436,0.053526,0.217455,4335*3221
DJI_20251107113452_0071,G,Initial,NaN,4616,0.004037,0.021322,N/A
DJI_20251107113452_0071,G,Global,0.6975,2586,0.053929,0.213145,3515*2160
DJI_20251107113452_0071,G,Proposed,1.0047,4616,0.057362,0.230633,4307*3195
DJI_20251107113452_0071,R,Initial,NaN,2537,0.007871,0.051892,N/A
DJI_20251107113452_0071,R,Global,1.1186,1432,0.031123,0.146119,3515*2160
DJI_20251107113452_0071,R,Proposed,1.1213,2537,0.033217,0.161255,4307*3195
DJI_20251107113452_0071,NIR,Initial,NaN,4893,0.006017,0.030696,N/A
DJI_20251107113452_0071,NIR,Global,0.6229,2183,0.055164,0.195238,3515*2160
DJI_20251107113452_0071,NIR,Proposed,0.9891,4893,0.060317,0.223245,4307*3195
DJI_20251107113452_0071,RE,Initial,NaN,3885,0.003684,0.015525,N/A
DJI_20251107113452_0071,RE,Global,1.1573,1644,0.038308,0.163501,3515*2160
DJI_20251107113452_0071,RE,Proposed,1.0339,3885,0.040624,0.182831,4307*3195
DJI_20251107113454_0072,G,Initial,NaN,5275,0.003579,0.007403,N/A
DJI_20251107113454_0072,G,Global,0.9476,2304,0.061254,0.177035,4238*2568
DJI_20251107113454_0072,G,Proposed,0.6243,5275,0.066822,0.207496,4296*3189
DJI_20251107113454_0072,R,Initial,NaN,3619,0.009105,0.036567,N/A
DJI_20251107113454_0072,R,Global,1.0147,1869,0.041931,0.170905,4238*2568
DJI_20251107113454_0072,R,Proposed,0.6470,3619,0.044149,0.187344,4296*3189
DJI_20251107113454_0072,NIR,Initial,NaN,4080,0.005405,0.017562,N/A
DJI_20251107113454_0072,NIR,Global,1.0266,1892,0.055002,0.179016,4238*2568
DJI_20251107113454_0072,NIR,Proposed,0.8606,4080,0.058889,0.195192,4296*3189
DJI_20251107113454_0072,RE,Initial,NaN,3456,0.004535,0.003311,N/A
DJI_20251107113454_0072,RE,Global,1.0903,1700,0.043599,0.145895,4238*2568
DJI_20251107113454_0072,RE,Proposed,1.0474,3456,0.046730,0.168631,4296*3189
DJI_20251107113456_0073,G,Initial,NaN,4919,0.003670,0.010566,N/A
DJI_20251107113456_0073,G,Global,0.6245,2430,0.051614,0.183559,4133*2578
DJI_20251107113456_0073,G,Proposed,0.7567,4919,0.055434,0.203079,4339*3235
DJI_20251107113456_0073,R,Initial,NaN,2669,0.009655,0.041441,N/A
DJI_20251107113456_0073,R,Global,1.1078,1494,0.035682,0.144943,4133*2578
DJI_20251107113456_0073,R,Proposed,1.1619,2669,0.037889,0.162881,4339*3235
DJI_20251107113456_0073,NIR,Initial,NaN,4511,0.006049,0.018860,N/A
DJI_20251107113456_0073,NIR,Global,0.6602,2138,0.053847,0.171997,4133*2578
DJI_20251107113456_0073,NIR,Proposed,0.7526,4511,0.059612,0.202068,4339*3235
DJI_20251107113456_0073,RE,Initial,NaN,3871,0.004318,0.004585,N/A
DJI_20251107113456_0073,RE,Global,1.2084,1855,0.041991,0.171891,4133*2578
DJI_20251107113456_0073,RE,Proposed,0.8538,3871,0.044388,0.191411,4339*3235
DJI_20251107113458_0074,G,Initial,NaN,4052,0.003713,0.007633,N/A
DJI_20251107113458_0074,G,Global,1.2991,1871,0.050048,0.150337,4321*2267
DJI_20251107113458_0074,G,Proposed,1.1608,4052,0.054134,0.167931,4320*3223
DJI_20251107113458_0074,R,Initial,NaN,2905,0.006906,0.021596,N/A
DJI_20251107113458_0074,R,Global,1.0144,1709,0.038964,0.169991,4321*2267
DJI_20251107113458_0074,R,Proposed,0.9108,2905,0.040317,0.187640,4320*3223
DJI_20251107113458_0074,NIR,Initial,NaN,4363,0.006973,0.017436,N/A
DJI_20251107113458_0074,NIR,Global,1.0892,2117,0.059854,0.177515,4321*2267
DJI_20251107113458_0074,NIR,Proposed,0.9959,4363,0.064787,0.197157,4320*3223
DJI_20251107113458_0074,RE,Initial,NaN,3706,0.004169,-0.002459,N/A
DJI_20251107113458_0074,RE,Global,1.0431,1839,0.045729,0.176476,4321*2267
DJI_20251107113458_0074,RE,Proposed,0.9988,3706,0.049457,0.195518,4320*3223
DJI_20251107113500_0075,G,Initial,NaN,3772,0.003217,0.013229,N/A
DJI_20251107113500_0075,G,Global,1.1217,1815,0.038407,0.155389,4246*2625
DJI_20251107113500_0075,G,Proposed,0.6521,3772,0.041330,0.173609,4280*3159
DJI_20251107113500_0075,R,Initial,NaN,2544,0.007770,0.037958,N/A
DJI_20251107113500_0075,R,Global,1.0992,1135,0.025856,0.109201,4246*2625
DJI_20251107113500_0075,R,Proposed,0.9773,2544,0.027294,0.119262,4280*3159
DJI_20251107113500_0075,NIR,Initial,NaN,3212,0.004995,0.018566,N/A
DJI_20251107113500_0075,NIR,Global,1.1378,1467,0.036919,0.136385,4246*2625
DJI_20251107113500_0075,NIR,Proposed,1.0285,3212,0.040793,0.155695,4280*3159
DJI_20251107113500_0075,RE,Initial,NaN,2970,0.004674,0.007872,N/A
DJI_20251107113500_0075,RE,Global,1.0145,1493,0.032588,0.136164,4246*2625
DJI_20251107113500_0075,RE,Proposed,0.8920,2970,0.034849,0.154661,4280*3159
DJI_20251107113502_0076,G,Initial,NaN,6829,0.003278,0.022527,N/A
DJI_20251107113502_0076,G,Global,0.6837,3110,0.068290,0.224703,3215*2524
DJI_20251107113502_0076,G,Proposed,0.5489,6829,0.074848,0.256387,4334*3223
DJI_20251107113502_0076,R,Initial,NaN,4953,0.010856,0.068448,N/A
DJI_20251107113502_0076,R,Global,0.9426,2552,0.050618,0.220873,3215*2524
DJI_20251107113502_0076,R,Proposed,0.6997,4953,0.053006,0.247289,4334*3223
DJI_20251107113502_0076,NIR,Initial,NaN,6445,0.006146,0.031410,N/A
DJI_20251107113502_0076,NIR,Global,0.8423,2945,0.069393,0.224814,3215*2524
DJI_20251107113502_0076,NIR,Proposed,0.5608,6445,0.076194,0.254205,4334*3223
DJI_20251107113502_0076,RE,Initial,NaN,4382,0.004288,0.016669,N/A
DJI_20251107113502_0076,RE,Global,1.0195,2096,0.057259,0.182986,3215*2524
DJI_20251107113502_0076,RE,Proposed,1.0748,4382,0.061644,0.208310,4334*3223
DJI_20251107113504_0077,G,Initial,NaN,4964,0.004065,0.015344,N/A
DJI_20251107113504_0077,G,Global,1.0289,2190,0.054762,0.173260,3960*3104
DJI_20251107113504_0077,G,Proposed,0.8911,4964,0.061040,0.199523,4321*3226
DJI_20251107113504_0077,R,Initial,NaN,2593,0.006479,0.040641,N/A
DJI_20251107113504_0077,R,Global,1.1035,1646,0.035737,0.157480,3960*3104
DJI_20251107113504_0077,R,Proposed,0.9643,2593,0.037753,0.175473,4321*3226
DJI_20251107113504_0077,NIR,Initial,NaN,4463,0.006543,0.026497,N/A
DJI_20251107113504_0077,NIR,Global,1.0981,2109,0.055344,0.177209,3960*3104
DJI_20251107113504_0077,NIR,Proposed,0.6921,4463,0.061469,0.205350,4321*3226
DJI_20251107113504_0077,RE,Initial,NaN,3475,0.003873,0.006203,N/A
DJI_20251107113504_0077,RE,Global,0.6612,1815,0.042470,0.157288,3960*3104
DJI_20251107113504_0077,RE,Proposed,1.1324,3475,0.046457,0.178964,4321*3226
DJI_20251107113506_0078,G,Initial,NaN,5911,0.003196,0.015533,N/A
DJI_20251107113506_0078,G,Global,0.6747,2679,0.056257,0.197691,3649*3117
DJI_20251107113506_0078,G,Proposed,0.8009,5911,0.061927,0.223386,4318*3200
DJI_20251107113506_0078,R,Initial,NaN,3533,0.007719,0.043138,N/A
DJI_20251107113506_0078,R,Global,1.1709,1616,0.034751,0.156312,3649*3117
DJI_20251107113506_0078,R,Proposed,0.6177,3533,0.036946,0.176521,4318*3200
DJI_20251107113506_0078,NIR,Initial,NaN,4502,0.005381,0.022623,N/A
DJI_20251107113506_0078,NIR,Global,0.9217,2164,0.050646,0.174612,3649*3117
DJI_20251107113506_0078,NIR,Proposed,0.9919,4502,0.056079,0.202657,4318*3200
DJI_20251107113506_0078,RE,Initial,NaN,4817,0.004391,0.009119,N/A
DJI_20251107113506_0078,RE,Global,0.8469,2181,0.044535,0.180703,3649*3117
DJI_20251107113506_0078,RE,Proposed,0.6085,4817,0.048165,0.204912,4318*3200
DJI_20251107113508_0079,G,Initial,NaN,6837,0.003863,0.015372,N/A
DJI_20251107113508_0079,G,Global,0.6074,3255,0.066754,0.230656,3626*2881
DJI_20251107113508_0079,G,Proposed,0.5870,6837,0.072632,0.259250,4344*3231
DJI_20251107113508_0079,R,Initial,NaN,4186,0.006299,0.037558,N/A
DJI_20251107113508_0079,R,Global,0.5570,2111,0.043625,0.218584,3626*2881
DJI_20251107113508_0079,R,Proposed,0.7192,4186,0.045887,0.234994,4344*3231
DJI_20251107113508_0079,NIR,Initial,NaN,6234,0.006476,0.024805,N/A
DJI_20251107113508_0079,NIR,Global,0.6415,2743,0.069592,0.213684,3626*2881
DJI_20251107113508_0079,NIR,Proposed,0.6554,6234,0.076922,0.245003,4344*3231
DJI_20251107113508_0079,RE,Initial,NaN,5321,0.003998,0.009807,N/A
DJI_20251107113508_0079,RE,Global,1.0312,2330,0.055362,0.182012,3626*2881
DJI_20251107113508_0079,RE,Proposed,1.0148,5321,0.060551,0.209418,4344*3231
DJI_20251107113510_0080,G,Initial,NaN,6819,0.001951,0.005149,N/A
DJI_20251107113510_0080,G,Global,0.7174,2982,0.067435,0.236743,3834*2893
DJI_20251107113510_0080,G,Proposed,0.5450,6819,0.073046,0.260546,4283*3154
DJI_20251107113510_0080,R,Initial,NaN,4387,0.005637,0.021558,N/A
DJI_20251107113510_0080,R,Global,0.9715,2064,0.041795,0.205046,3834*2893
DJI_20251107113510_0080,R,Proposed,0.6672,4387,0.043987,0.225671,4283*3154
DJI_20251107113510_0080,NIR,Initial,NaN,5270,0.002691,0.009454,N/A
DJI_20251107113510_0080,NIR,Global,0.8815,2131,0.054495,0.183066,3834*2893
DJI_20251107113510_0080,NIR,Proposed,0.8290,5270,0.059919,0.207710,4283*3154
DJI_20251107113510_0080,RE,Initial,NaN,4503,0.002041,-0.003713,N/A
DJI_20251107113510_0080,RE,Global,1.0001,1876,0.040028,0.157415,3834*2893
DJI_20251107113510_0080,RE,Proposed,1.1095,4503,0.042410,0.174163,4283*3154
DJI_20251107113512_0081,G,Initial,NaN,7979,0.003539,0.013258,N/A
DJI_20251107113512_0081,G,Global,0.7724,3326,0.078295,0.251398,4219*2527
DJI_20251107113512_0081,G,Proposed,0.5884,7979,0.087825,0.298191,4299*3200
DJI_20251107113512_0081,R,Initial,NaN,4206,0.009106,0.060907,N/A
DJI_20251107113512_0081,R,Global,1.0512,2143,0.045623,0.205395,4219*2527
DJI_20251107113512_0081,R,Proposed,0.7487,4206,0.047799,0.226128,4299*3200
DJI_20251107113512_0081,NIR,Initial,NaN,6943,0.005219,0.022136,N/A
DJI_20251107113512_0081,NIR,Global,0.8785,3001,0.073796,0.240901,4219*2527
DJI_20251107113512_0081,NIR,Proposed,0.7223,6943,0.081597,0.277349,4299*3200
DJI_20251107113512_0081,RE,Initial,NaN,6172,0.004403,0.011405,N/A
DJI_20251107113512_0081,RE,Global,0.6464,2915,0.062130,0.238141,4219*2527
DJI_20251107113512_0081,RE,Proposed,0.7421,6172,0.067043,0.269478,4299*3200
DJI_20251107113514_0082,G,Initial,NaN,6555,0.003600,0.009961,N/A
DJI_20251107113514_0082,G,Global,0.6283,3088,0.069262,0.230653,3145*2868
DJI_20251107113514_0082,G,Proposed,0.5760,6555,0.075702,0.261385,4325*3219
DJI_20251107113514_0082,R,Initial,NaN,3365,0.006689,0.044060,N/A
DJI_20251107113514_0082,R,Global,1.1633,1785,0.037169,0.159527,3145*2868
DJI_20251107113514_0082,R,Proposed,1.0724,3365,0.039445,0.180756,4325*3219
DJI_20251107113514_0082,NIR,Initial,NaN,5846,0.006973,0.025623,N/A
DJI_20251107113514_0082,NIR,Global,0.9451,2725,0.063667,0.221636,3145*2868
DJI_20251107113514_0082,NIR,Proposed,0.6197,5846,0.070049,0.245255,4325*3219
DJI_20251107113514_0082,RE,Initial,NaN,4060,0.004138,0.006206,N/A
DJI_20251107113514_0082,RE,Global,0.7051,2009,0.044718,0.165705,3145*2868
DJI_20251107113514_0082,RE,Proposed,0.7798,4060,0.048274,0.185438,4325*3219
DJI_20251107113516_0083,G,Initial,NaN,6563,0.003344,0.011779,N/A
DJI_20251107113516_0083,G,Global,0.9743,2901,0.058304,0.199407,4163*1746
DJI_20251107113516_0083,G,Proposed,0.8734,6563,0.065313,0.230610,4304*3169
DJI_20251107113516_0083,R,Initial,NaN,3737,0.006569,0.045075,N/A
DJI_20251107113516_0083,R,Global,1.0879,1932,0.037492,0.200335,4163*1746
DJI_20251107113516_0083,R,Proposed,1.0554,3737,0.039990,0.214555,4304*3169
DJI_20251107113516_0083,NIR,Initial,NaN,5646,0.004902,0.022178,N/A
DJI_20251107113516_0083,NIR,Global,0.9487,2538,0.056467,0.179332,4163*1746
DJI_20251107113516_0083,NIR,Proposed,0.8793,5646,0.063303,0.212287,4304*3169
DJI_20251107113516_0083,RE,Initial,NaN,5049,0.005117,0.016382,N/A
DJI_20251107113516_0083,RE,Global,0.6185,2391,0.049691,0.206145,4163*1746
DJI_20251107113516_0083,RE,Proposed,0.6563,5049,0.053433,0.228542,4304*3169
DJI_20251107113518_0084,G,Initial,NaN,4820,0.003476,0.023750,N/A
DJI_20251107113518_0084,G,Global,1.0799,2187,0.050752,0.179662,4243*3201
DJI_20251107113518_0084,G,Proposed,0.6530,4820,0.056788,0.208096,4260*3231
DJI_20251107113518_0084,R,Initial,NaN,1589,0.002520,0.017004,N/A
DJI_20251107113518_0084,R,Global,1.0900,1089,0.022251,0.112744,4243*3201
DJI_20251107113518_0084,R,Proposed,1.1114,1589,0.023437,0.122946,4260*3231
DJI_20251107113518_0084,NIR,Initial,NaN,3129,0.003695,0.025540,N/A
DJI_20251107113518_0084,NIR,Global,1.2476,1699,0.042866,0.150334,4243*3201
DJI_20251107113518_0084,NIR,Proposed,1.1041,3129,0.048020,0.172646,4260*3231
DJI_20251107113518_0084,RE,Initial,NaN,2636,0.002155,0.002269,N/A
DJI_20251107113518_0084,RE,Global,1.1286,1272,0.024407,0.135044,4243*3201
DJI_20251107113518_0084,RE,Proposed,1.0489,2636,0.025954,0.146407,4260*3231
DJI_20251107113520_0085,G,Initial,NaN,5952,0.003222,0.011292,N/A
DJI_20251107113520_0085,G,Global,0.7489,2630,0.061452,0.206640,4049*3219
DJI_20251107113520_0085,G,Proposed,0.5906,5952,0.068410,0.233824,4320*3219
DJI_20251107113520_0085,R,Initial,NaN,3313,0.004989,0.030943,N/A
DJI_20251107113520_0085,R,Global,1.1515,1802,0.032826,0.173235,4049*3219
DJI_20251107113520_0085,R,Proposed,0.6685,3313,0.034030,0.185922,4320*3219
DJI_20251107113520_0085,NIR,Initial,NaN,4763,0.005450,0.022576,N/A
DJI_20251107113520_0085,NIR,Global,1.1016,2097,0.056623,0.179648,4049*3219
DJI_20251107113520_0085,NIR,Proposed,0.8982,4763,0.063243,0.202615,4320*3219
DJI_20251107113520_0085,RE,Initial,NaN,3842,0.003648,0.002145,N/A
DJI_20251107113520_0085,RE,Global,1.2259,1826,0.042949,0.176080,4049*3219
DJI_20251107113520_0085,RE,Proposed,0.7674,3842,0.046123,0.194582,4320*3219
DJI_20251107113522_0086,G,Initial,NaN,4970,0.003115,0.009996,N/A
DJI_20251107113522_0086,G,Global,1.1368,2151,0.050490,0.164811,4066*3216
DJI_20251107113522_0086,G,Proposed,0.6064,4970,0.056204,0.190196,4323*3218
DJI_20251107113522_0086,R,Initial,NaN,2324,0.006040,0.035371,N/A
DJI_20251107113522_0086,R,Global,1.1852,1233,0.027487,0.122856,4066*3216
DJI_20251107113522_0086,R,Proposed,1.1716,2324,0.029188,0.138660,4323*3218
DJI_20251107113522_0086,NIR,Initial,NaN,3935,0.005417,0.016441,N/A
DJI_20251107113522_0086,NIR,Global,0.5697,1862,0.050104,0.167941,4066*3216
DJI_20251107113522_0086,NIR,Proposed,0.8760,3935,0.055083,0.185383,4323*3218
DJI_20251107113522_0086,RE,Initial,NaN,3405,0.003313,0.002514,N/A
DJI_20251107113522_0086,RE,Global,0.9700,1671,0.037466,0.135029,4066*3216
DJI_20251107113522_0086,RE,Proposed,0.6138,3405,0.040311,0.154447,4323*3218
DJI_20251107113524_0087,G,Initial,NaN,4185,0.002576,0.015398,N/A
DJI_20251107113524_0087,G,Global,0.6504,2078,0.038997,0.164119,2650*3152
DJI_20251107113524_0087,G,Proposed,0.9840,4185,0.042030,0.183259,4308*3185
DJI_20251107113524_0087,R,Initial,NaN,2776,0.005038,0.038514,N/A
DJI_20251107113524_0087,R,Global,1.1931,1417,0.027285,0.140628,2650*3152
DJI_20251107113524_0087,R,Proposed,1.1627,2776,0.028682,0.153096,4308*3185
DJI_20251107113524_0087,NIR,Initial,NaN,3603,0.004123,0.023447,N/A
DJI_20251107113524_0087,NIR,Global,1.1493,1684,0.043116,0.166700,2650*3152
DJI_20251107113524_0087,NIR,Proposed,1.0882,3603,0.048026,0.187774,4308*3185
DJI_20251107113524_0087,RE,Initial,NaN,3389,0.002381,0.009333,N/A
DJI_20251107113524_0087,RE,Global,1.0633,1676,0.031709,0.154018,2650*3152
DJI_20251107113524_0087,RE,Proposed,0.8050,3389,0.034004,0.174759,4308*3185
DJI_20251107113526_0088,G,Initial,NaN,4232,0.001966,0.017676,N/A
DJI_20251107113526_0088,G,Global,0.8953,1979,0.041434,0.164715,3472*2534
DJI_20251107113526_0088,G,Proposed,0.9547,4232,0.045151,0.181309,4274*3187
DJI_20251107113526_0088,R,Initial,NaN,2109,0.004328,0.035682,N/A
DJI_20251107113526_0088,R,Global,1.2200,1180,0.025081,0.122782,3472*2534
DJI_20251107113526_0088,R,Proposed,1.0192,2109,0.025914,0.134073,4274*3187
DJI_20251107113526_0088,NIR,Initial,NaN,3584,0.003136,0.020823,N/A
DJI_20251107113526_0088,NIR,Global,1.1378,1565,0.035520,0.137892,3472*2534
DJI_20251107113526_0088,NIR,Proposed,1.0249,3584,0.039164,0.158213,4274*3187
DJI_20251107113526_0088,RE,Initial,NaN,2639,0.001798,0.005543,N/A
DJI_20251107113526_0088,RE,Global,1.1212,1104,0.028778,0.120032,3472*2534
DJI_20251107113526_0088,RE,Proposed,1.1690,2639,0.031613,0.134120,4274*3187
DJI_20251107113528_0089,G,Initial,NaN,5472,0.003271,0.018527,N/A
DJI_20251107113528_0089,G,Global,0.9786,2603,0.053680,0.186580,4032*2710
DJI_20251107113528_0089,G,Proposed,0.7346,5472,0.058854,0.216028,4322*3205
DJI_20251107113528_0089,R,Initial,NaN,2697,0.005676,0.038426,N/A
DJI_20251107113528_0089,R,Global,1.0868,1496,0.033890,0.144054,4032*2710
DJI_20251107113528_0089,R,Proposed,1.1518,2697,0.036751,0.167005,4322*3205
DJI_20251107113528_0089,NIR,Initial,NaN,4101,0.005316,0.026286,N/A
DJI_20251107113528_0089,NIR,Global,1.1442,1978,0.045220,0.161543,4032*2710
DJI_20251107113528_0089,NIR,Proposed,0.7261,4101,0.049324,0.183277,4322*3205
DJI_20251107113528_0089,RE,Initial,NaN,3587,0.003860,0.010751,N/A
DJI_20251107113528_0089,RE,Global,0.6782,1903,0.043639,0.161512,4032*2710
DJI_20251107113528_0089,RE,Proposed,0.9780,3587,0.047181,0.183611,4322*3205
DJI_20251107113530_0090,G,Initial,NaN,5405,0.002676,0.021068,N/A
DJI_20251107113530_0090,G,Global,0.8451,2236,0.051107,0.181955,3793*2185
DJI_20251107113530_0090,G,Proposed,0.6250,5405,0.057537,0.209102,4310*3180
DJI_20251107113530_0090,R,Initial,NaN,3063,0.005590,0.030386,N/A
DJI_20251107113530_0090,R,Global,0.7729,1710,0.034297,0.154949,3793*2185
DJI_20251107113530_0090,R,Proposed,1.1942,3063,0.036289,0.172298,4310*3180
DJI_20251107113530_0090,NIR,Initial,NaN,4461,0.004111,0.023239,N/A
DJI_20251107113530_0090,NIR,Global,1.0882,1845,0.043975,0.155400,3793*2185
DJI_20251107113530_0090,NIR,Proposed,0.9268,4461,0.048266,0.180316,4310*3180
DJI_20251107113530_0090,RE,Initial,NaN,4396,0.002322,0.003929,N/A
DJI_20251107113530_0090,RE,Global,0.9636,1980,0.042375,0.164998,3793*2185
DJI_20251107113530_0090,RE,Proposed,0.9428,4396,0.047042,0.193041,4310*3180
DJI_20251107113532_0091,G,Initial,NaN,7176,0.003531,0.038787,N/A
DJI_20251107113532_0091,G,Global,0.8273,3146,0.057622,0.230649,3318*2436
DJI_20251107113532_0091,G,Proposed,0.9270,7176,0.064580,0.268453,4312*3187
DJI_20251107113532_0091,R,Initial,NaN,4633,0.004488,0.047616,N/A
DJI_20251107113532_0091,R,Global,0.8721,2185,0.042781,0.228284,3318*2436
DJI_20251107113532_0091,R,Proposed,0.5639,4633,0.045009,0.247972,4312*3187
DJI_20251107113532_0091,NIR,Initial,NaN,6877,0.005614,0.053366,N/A
DJI_20251107113532_0091,NIR,Global,0.7598,2894,0.065755,0.250548,3318*2436
DJI_20251107113532_0091,NIR,Proposed,0.6374,6877,0.073776,0.289134,4312*3187
DJI_20251107113532_0091,RE,Initial,NaN,4337,0.005991,0.032222,N/A
DJI_20251107113532_0091,RE,Global,1.0242,2037,0.041862,0.177530,3318*2436
DJI_20251107113532_0091,RE,Proposed,1.0638,4337,0.045676,0.198020,4312*3187
DJI_20251107113534_0092,G,Initial,NaN,8164,0.003983,0.051424,N/A
DJI_20251107113534_0092,G,Global,0.7637,3699,0.073673,0.291661,3827*3159
DJI_20251107113534_0092,G,Proposed,0.5562,8164,0.081409,0.332288,4312*3195
DJI_20251107113534_0092,R,Initial,NaN,5346,0.007227,0.075896,N/A
DJI_20251107113534_0092,R,Global,1.0654,2480,0.048057,0.250749,3827*3159
DJI_20251107113534_0092,R,Proposed,0.7204,5346,0.051101,0.282369,4312*3195
DJI_20251107113534_0092,NIR,Initial,NaN,7177,0.006300,0.063549,N/A
DJI_20251107113534_0092,NIR,Global,1.0149,3294,0.065332,0.289335,3827*3159
DJI_20251107113534_0092,NIR,Proposed,0.5553,7177,0.069637,0.314369,4312*3195
DJI_20251107113534_0092,RE,Initial,NaN,5977,0.006198,0.047247,N/A
DJI_20251107113534_0092,RE,Global,0.8795,2431,0.053606,0.242364,3827*3159
DJI_20251107113534_0092,RE,Proposed,0.7794,5977,0.058506,0.270641,4312*3195
DJI_20251107113536_0093,G,Initial,NaN,9018,0.004152,0.047479,N/A
DJI_20251107113536_0093,G,Global,0.7774,4068,0.076858,0.323771,4126*2892
DJI_20251107113536_0093,G,Proposed,0.4889,9018,0.083051,0.361543,4334*3208
DJI_20251107113536_0093,R,Initial,NaN,5992,0.007458,0.073428,N/A
DJI_20251107113536_0093,R,Global,0.8076,2634,0.050326,0.278177,4126*2892
DJI_20251107113536_0093,R,Proposed,0.6847,5992,0.053276,0.312679,4334*3208
DJI_20251107113536_0093,NIR,Initial,NaN,7691,0.006830,0.065910,N/A
DJI_20251107113536_0093,NIR,Global,0.9753,3269,0.068597,0.276010,4126*2892
DJI_20251107113536_0093,NIR,Proposed,0.6206,7691,0.076215,0.319371,4334*3208
DJI_20251107113536_0093,RE,Initial,NaN,6529,0.006221,0.055153,N/A
DJI_20251107113536_0093,RE,Global,0.5923,2914,0.055607,0.269517,4126*2892
DJI_20251107113536_0093,RE,Proposed,0.5860,6529,0.060770,0.301823,4334*3208
DJI_20251107113538_0094,G,Initial,NaN,7301,0.005361,0.044348,N/A
DJI_20251107113538_0094,G,Global,0.5976,3249,0.072436,0.273917,4132*2932
DJI_20251107113538_0094,G,Proposed,0.5612,7301,0.079810,0.308850,4312*3206
DJI_20251107113538_0094,R,Initial,NaN,4698,0.011209,0.077861,N/A
DJI_20251107113538_0094,R,Global,0.9597,2253,0.047547,0.228819,4132*2932
DJI_20251107113538_0094,R,Proposed,0.5357,4698,0.050100,0.251891,4312*3206
DJI_20251107113538_0094,NIR,Initial,NaN,6470,0.008303,0.057589,N/A
DJI_20251107113538_0094,NIR,Global,0.8511,2870,0.066678,0.234657,4132*2932
DJI_20251107113538_0094,NIR,Proposed,0.5958,6470,0.072735,0.269825,4312*3206
DJI_20251107113538_0094,RE,Initial,NaN,5650,0.007334,0.053944,N/A
DJI_20251107113538_0094,RE,Global,0.6244,2739,0.055629,0.251924,4132*2932
DJI_20251107113538_0094,RE,Proposed,0.5772,5650,0.058932,0.278470,4312*3206
DJI_20251107113540_0095,G,Initial,NaN,8139,0.010385,0.049960,N/A
DJI_20251107113540_0095,G,Global,0.6826,3120,0.078565,0.264223,3894*2279
DJI_20251107113540_0095,G,Proposed,0.6095,8139,0.087094,0.302436,4316*3186
DJI_20251107113540_0095,R,Initial,NaN,5222,0.019999,0.081545,N/A
DJI_20251107113540_0095,R,Global,0.7208,2230,0.060386,0.238642,3894*2279
DJI_20251107113540_0095,R,Proposed,0.5794,5222,0.063892,0.266911,4316*3186
DJI_20251107113540_0095,NIR,Initial,NaN,6204,0.014362,0.066711,N/A
DJI_20251107113540_0095,NIR,Global,1.0224,2484,0.071483,0.256261,3894*2279
DJI_20251107113540_0095,NIR,Proposed,0.5565,6204,0.077324,0.281148,4316*3186
DJI_20251107113540_0095,RE,Initial,NaN,5929,0.012369,0.053369,N/A
DJI_20251107113540_0095,RE,Global,1.0037,2563,0.066270,0.267637,3894*2279
DJI_20251107113540_0095,RE,Proposed,0.5331,5929,0.069324,0.283706,4316*3186
DJI_20251107113542_0096,G,Initial,NaN,8661,0.014159,0.111295,N/A
DJI_20251107113542_0096,G,Global,0.6223,3682,0.087693,0.356920,3565*3065
DJI_20251107113542_0096,G,Proposed,1.0173,8661,0.096396,0.391930,4326*3201
DJI_20251107113542_0096,R,Initial,NaN,7416,0.017527,0.112441,N/A
DJI_20251107113542_0096,R,Global,0.5707,3394,0.073310,0.371888,3565*3065
DJI_20251107113542_0096,R,Proposed,0.5449,7416,0.076280,0.395256,4326*3201
DJI_20251107113542_0096,NIR,Initial,NaN,8563,0.017339,0.118126,N/A
DJI_20251107113542_0096,NIR,Global,0.6087,3520,0.086618,0.369303,3565*3065
DJI_20251107113542_0096,NIR,Proposed,0.5350,8563,0.094224,0.401814,4326*3201
DJI_20251107113542_0096,RE,Initial,NaN,6806,0.016886,0.103133,N/A
DJI_20251107113542_0096,RE,Global,0.8036,2760,0.071133,0.289630,3565*3065
DJI_20251107113542_0096,RE,Proposed,1.0611,6806,0.077276,0.322640,4326*3201
DJI_20251107113544_0097,G,Initial,NaN,4117,0.011095,0.098778,N/A
DJI_20251107113544_0097,G,Global,0.8072,1819,0.051193,0.250714,4288*2060
DJI_20251107113544_0097,G,Proposed,0.6982,4117,0.053276,0.262081,4265*3154
DJI_20251107113544_0097,R,Initial,NaN,2763,0.022665,0.133317,N/A
DJI_20251107113544_0097,R,Global,1.1684,1284,0.040252,0.237535,4288*2060
DJI_20251107113544_0097,R,Proposed,1.0271,2763,0.041089,0.247861,4265*3154
DJI_20251107113544_0097,NIR,Initial,NaN,3591,0.016013,0.114149,N/A
DJI_20251107113544_0097,NIR,Global,0.8878,1548,0.058357,0.241616,4288*2060
DJI_20251107113544_0097,NIR,Proposed,0.5882,3591,0.062277,0.260504,4265*3154
DJI_20251107113544_0097,RE,Initial,NaN,2657,0.018902,0.097297,N/A
DJI_20251107113544_0097,RE,Global,1.1054,1580,0.047192,0.247121,4288*2060
DJI_20251107113544_0097,RE,Proposed,0.8392,2657,0.049008,0.261731,4265*3154
DJI_20251107113548_0099,G,Initial,NaN,8207,0.005659,0.087073,N/A
DJI_20251107113548_0099,G,Global,0.5799,3702,0.066913,0.317456,3491*2597
DJI_20251107113548_0099,G,Proposed,0.5188,8207,0.073595,0.351417,4377*3256
DJI_20251107113548_0099,R,Initial,NaN,4474,0.004850,0.073907,N/A
DJI_20251107113548_0099,R,Global,0.6041,2169,0.036246,0.225176,3491*2597
DJI_20251107113548_0099,R,Proposed,0.6329,4474,0.038716,0.247511,4377*3256
DJI_20251107113548_0099,NIR,Initial,NaN,7248,0.008277,0.100509,N/A
DJI_20251107113548_0099,NIR,Global,0.6268,3084,0.060052,0.293903,3491*2597
DJI_20251107113548_0099,NIR,Proposed,0.6012,7248,0.067036,0.329161,4377*3256
DJI_20251107113548_0099,RE,Initial,NaN,6129,0.003497,0.052411,N/A
DJI_20251107113548_0099,RE,Global,0.5859,2888,0.048802,0.247247,3491*2597
DJI_20251107113548_0099,RE,Proposed,0.5872,6129,0.053238,0.279547,4377*3256
DJI_20251107113550_0100,G,Initial,NaN,8918,0.003576,0.075312,N/A
DJI_20251107113550_0100,G,Global,0.9683,3962,0.070443,0.337296,3239*3233
DJI_20251107113550_0100,G,Proposed,0.6307,8918,0.079002,0.377860,4331*3229
DJI_20251107113550_0100,R,Initial,NaN,4278,0.003355,0.068588,N/A
DJI_20251107113550_0100,R,Global,0.7081,2173,0.035505,0.244827,3239*3233
DJI_20251107113550_0100,R,Proposed,0.6103,4278,0.037851,0.269243,4331*3229
DJI_20251107113550_0100,NIR,Initial,NaN,8471,0.004761,0.087216,N/A
DJI_20251107113550_0100,NIR,Global,0.6052,3943,0.067673,0.342045,3239*3233
DJI_20251107113550_0100,NIR,Proposed,0.9807,8471,0.074651,0.375470,4331*3229
DJI_20251107113550_0100,RE,Initial,NaN,6449,0.002758,0.056828,N/A
DJI_20251107113550_0100,RE,Global,0.6707,3107,0.050565,0.273240,3239*3233
DJI_20251107113550_0100,RE,Proposed,0.8156,6449,0.055215,0.308028,4331*3229
DJI_20251107113552_0101,G,Initial,NaN,6584,0.003244,0.055220,N/A
DJI_20251107113552_0101,G,Global,0.7959,3107,0.051044,0.277205,4301*3047
DJI_20251107113552_0101,G,Proposed,0.5755,6584,0.055678,0.305081,4302*3187
DJI_20251107113552_0101,R,Initial,NaN,3876,0.005377,0.070015,N/A
DJI_20251107113552_0101,R,Global,1.0783,2042,0.034602,0.233564,4301*3047
DJI_20251107113552_0101,R,Proposed,0.8816,3876,0.036521,0.250760,4302*3187
DJI_20251107113552_0101,NIR,Initial,NaN,6375,0.004418,0.062933,N/A
DJI_20251107113552_0101,NIR,Global,0.5977,2941,0.053192,0.274112,4301*3047
DJI_20251107113552_0101,NIR,Proposed,0.6596,6375,0.056913,0.300572,4302*3187
DJI_20251107113552_0101,RE,Initial,NaN,4836,0.003423,0.052113,N/A
DJI_20251107113552_0101,RE,Global,1.1974,1927,0.039150,0.200283,4301*3047
DJI_20251107113552_0101,RE,Proposed,1.0287,4836,0.042476,0.222650,4302*3187
DJI_20251107113554_0102,G,Initial,NaN,10758,0.003646,0.046397,N/A
DJI_20251107113554_0102,G,Global,0.9666,5141,0.088384,0.381593,3933*2871
DJI_20251107113554_0102,G,Proposed,0.5087,10758,0.095849,0.418658,4313*3209
DJI_20251107113554_0102,R,Initial,NaN,5936,0.006408,0.068066,N/A
DJI_20251107113554_0102,R,Global,0.6989,2824,0.053066,0.304488,3933*2871
DJI_20251107113554_0102,R,Proposed,0.6858,5936,0.056581,0.334819,4313*3209
DJI_20251107113554_0102,NIR,Initial,NaN,9553,0.004418,0.056434,N/A
DJI_20251107113554_0102,NIR,Global,0.9034,4480,0.078814,0.344997,3933*2871
DJI_20251107113554_0102,NIR,Proposed,0.6006,9553,0.086267,0.384432,4313*3209
DJI_20251107113554_0102,RE,Initial,NaN,8171,0.004148,0.043704,N/A
DJI_20251107113554_0102,RE,Global,0.8268,3898,0.070016,0.356612,3933*2871
DJI_20251107113554_0102,RE,Proposed,0.5420,8171,0.074553,0.381890,4313*3209
DJI_20251107113556_0103,G,Initial,NaN,10505,0.003612,0.044159,N/A
DJI_20251107113556_0103,G,Global,1.0269,4675,0.083942,0.321364,3747*2650
DJI_20251107113556_0103,G,Proposed,0.6475,10505,0.093797,0.371712,4326*3227
DJI_20251107113556_0103,R,Initial,NaN,6092,0.006320,0.061684,N/A
DJI_20251107113556_0103,R,Global,0.8447,2999,0.054694,0.290401,3747*2650
DJI_20251107113556_0103,R,Proposed,0.6227,6092,0.058777,0.325721,4326*3227
DJI_20251107113556_0103,NIR,Initial,NaN,9081,0.004456,0.052514,N/A
DJI_20251107113556_0103,NIR,Global,0.7782,4156,0.074642,0.322466,3747*2650
DJI_20251107113556_0103,NIR,Proposed,0.7739,9081,0.083704,0.364790,4326*3227
DJI_20251107113556_0103,RE,Initial,NaN,7765,0.004448,0.044615,N/A
DJI_20251107113556_0103,RE,Global,0.6662,3562,0.067515,0.292043,3747*2650
DJI_20251107113556_0103,RE,Proposed,0.6508,7765,0.075956,0.340815,4326*3227
DJI_20251107113558_0104,G,Initial,NaN,10218,0.008971,0.060330,N/A
DJI_20251107113558_0104,G,Global,0.6141,4127,0.087498,0.329896,3813*3223
DJI_20251107113558_0104,G,Proposed,0.8242,10218,0.096941,0.371123,4340*3234
DJI_20251107113558_0104,R,Initial,NaN,6575,0.010070,0.069817,N/A
DJI_20251107113558_0104,R,Global,0.7152,3101,0.066835,0.301946,3813*3223
DJI_20251107113558_0104,R,Proposed,0.6244,6575,0.071607,0.333556,4340*3234
DJI_20251107113558_0104,NIR,Initial,NaN,9734,0.010947,0.070497,N/A
DJI_20251107113558_0104,NIR,Global,0.6069,4391,0.086038,0.335110,3813*3223
DJI_20251107113558_0104,NIR,Proposed,0.5703,9734,0.093874,0.369459,4340*3234
DJI_20251107113558_0104,RE,Initial,NaN,8485,0.009275,0.058974,N/A
DJI_20251107113558_0104,RE,Global,0.6444,3873,0.076598,0.319032,3813*3223
DJI_20251107113558_0104,RE,Proposed,0.5748,8485,0.083426,0.354102,4340*3234
DJI_20251107113600_0105,G,Initial,NaN,10813,0.008541,0.059233,N/A
DJI_20251107113600_0105,G,Global,0.8781,4638,0.095095,0.355872,3824*3230
DJI_20251107113600_0105,G,Proposed,0.5867,10813,0.103958,0.395161,4316*3230
DJI_20251107113600_0105,R,Initial,NaN,5621,0.009595,0.070342,N/A
DJI_20251107113600_0105,R,Global,1.0054,2552,0.062509,0.282244,3824*3230
DJI_20251107113600_0105,R,Proposed,0.9118,5621,0.066556,0.305865,4316*3230
DJI_20251107113600_0105,NIR,Initial,NaN,9555,0.010449,0.067792,N/A
DJI_20251107113600_0105,NIR,Global,0.6462,4305,0.085327,0.315281,3824*3230
DJI_20251107113600_0105,NIR,Proposed,0.7087,9555,0.095394,0.355833,4316*3230
DJI_20251107113600_0105,RE,Initial,NaN,6604,0.008131,0.054181,N/A
DJI_20251107113600_0105,RE,Global,0.9972,3091,0.070637,0.301654,3824*3230
DJI_20251107113600_0105,RE,Proposed,0.9766,6604,0.076976,0.330596,4316*3230
DJI_20251107113602_0106,G,Initial,NaN,11249,0.008923,0.062673,N/A
DJI_20251107113602_0106,G,Global,0.6507,4733,0.096550,0.349646,3789*3236
DJI_20251107113602_0106,G,Proposed,0.5516,11249,0.106629,0.396476,4322*3237
DJI_20251107113602_0106,R,Initial,NaN,5763,0.010031,0.072142,N/A
DJI_20251107113602_0106,R,Global,1.0214,2770,0.064017,0.266396,3789*3236
DJI_20251107113602_0106,R,Proposed,0.9739,5763,0.068676,0.295909,4322*3237
DJI_20251107113602_0106,NIR,Initial,NaN,9554,0.010953,0.073254,N/A
DJI_20251107113602_0106,NIR,Global,0.6530,3983,0.082473,0.297572,3789*3236
DJI_20251107113602_0106,NIR,Proposed,0.8005,9554,0.092963,0.339136,4322*3237
DJI_20251107113602_0106,RE,Initial,NaN,7921,0.008618,0.056907,N/A
DJI_20251107113602_0106,RE,Global,0.6888,3435,0.073553,0.295232,3789*3236
DJI_20251107113602_0106,RE,Proposed,0.5986,7921,0.080515,0.332607,4322*3237
DJI_20251107113604_0107,G,Initial,NaN,9237,0.009545,0.061292,N/A
DJI_20251107113604_0107,G,Global,0.6119,4086,0.085361,0.331134,3836*3206
DJI_20251107113604_0107,G,Proposed,0.5716,9237,0.093997,0.368017,4320*3212
DJI_20251107113604_0107,R,Initial,NaN,5728,0.010349,0.066302,N/A
DJI_20251107113604_0107,R,Global,0.5971,2531,0.061214,0.271113,3836*3206
DJI_20251107113604_0107,R,Proposed,0.8888,5728,0.065529,0.297914,4320*3212
DJI_20251107113604_0107,NIR,Initial,NaN,8970,0.011773,0.072445,N/A
DJI_20251107113604_0107,NIR,Global,0.6809,3743,0.083076,0.285320,3836*3206
DJI_20251107113604_0107,NIR,Proposed,0.5746,8970,0.092268,0.325806,4320*3212
DJI_20251107113604_0107,RE,Initial,NaN,6425,0.010043,0.057466,N/A
DJI_20251107113604_0107,RE,Global,1.0330,2858,0.066046,0.256636,3836*3206
DJI_20251107113604_0107,RE,Proposed,0.7290,6425,0.072736,0.289033,4320*3212
DJI_20251107113606_0108,G,Initial,NaN,9956,0.009542,0.060007,N/A
DJI_20251107113606_0108,G,Global,0.9342,4392,0.091932,0.350153,3823*3224
DJI_20251107113606_0108,G,Proposed,0.5563,9956,0.100939,0.385636,4314*3220
DJI_20251107113606_0108,R,Initial,NaN,6400,0.009982,0.058387,N/A
DJI_20251107113606_0108,R,Global,0.5484,3067,0.069339,0.308504,3823*3224
DJI_20251107113606_0108,R,Proposed,0.6806,6400,0.073892,0.328367,4314*3220
DJI_20251107113606_0108,NIR,Initial,NaN,9275,0.011255,0.068272,N/A
DJI_20251107113606_0108,NIR,Global,0.6125,3854,0.085256,0.282765,3823*3224
DJI_20251107113606_0108,NIR,Proposed,0.7451,9275,0.095125,0.325923,4314*3220
DJI_20251107113606_0108,RE,Initial,NaN,7371,0.009162,0.050737,N/A
DJI_20251107113606_0108,RE,Global,0.6812,3302,0.072216,0.252317,3823*3224
DJI_20251107113606_0108,RE,Proposed,0.5990,7371,0.080878,0.298301,4314*3220
DJI_20251107113608_0109,G,Initial,NaN,9811,0.009562,0.061100,N/A
DJI_20251107113608_0109,G,Global,0.8142,4430,0.088222,0.303834,3903*3228
DJI_20251107113608_0109,G,Proposed,0.7791,9811,0.098819,0.349819,4328*3231
DJI_20251107113608_0109,R,Initial,NaN,6256,0.011860,0.063863,N/A
DJI_20251107113608_0109,R,Global,0.6378,3154,0.070801,0.278773,3903*3228
DJI_20251107113608_0109,R,Proposed,0.6059,6256,0.074851,0.309725,4328*3231
DJI_20251107113608_0109,NIR,Initial,NaN,8605,0.011995,0.072637,N/A
DJI_20251107113608_0109,NIR,Global,0.6169,3767,0.083692,0.277436,3903*3228
DJI_20251107113608_0109,NIR,Proposed,0.6754,8605,0.093793,0.317556,4328*3231
DJI_20251107113608_0109,RE,Initial,NaN,7096,0.009022,0.048490,N/A
DJI_20251107113608_0109,RE,Global,0.6079,3337,0.074175,0.264012,3903*3228
DJI_20251107113608_0109,RE,Proposed,0.5949,7096,0.082273,0.301300,4328*3231
DJI_20251107113610_0110,G,Initial,NaN,9283,0.006172,0.052874,N/A
DJI_20251107113610_0110,G,Global,0.6998,4108,0.082907,0.288533,4013*3212
DJI_20251107113610_0110,G,Proposed,0.7167,9283,0.093026,0.329702,4333*3204
DJI_20251107113610_0110,R,Initial,NaN,5221,0.008454,0.061243,N/A
DJI_20251107113610_0110,R,Global,0.9035,2543,0.057503,0.264626,4013*3212
DJI_20251107113610_0110,R,Proposed,0.5744,5221,0.061212,0.289295,4333*3204
DJI_20251107113610_0110,NIR,Initial,NaN,8445,0.007765,0.061332,N/A
DJI_20251107113610_0110,NIR,Global,0.5717,3769,0.083537,0.286002,4013*3212
DJI_20251107113610_0110,NIR,Proposed,0.5752,8445,0.092713,0.321220,4333*3204
DJI_20251107113610_0110,RE,Initial,NaN,6292,0.006835,0.046481,N/A
DJI_20251107113610_0110,RE,Global,0.5953,2949,0.062170,0.265104,4013*3212
DJI_20251107113610_0110,RE,Proposed,1.0012,6292,0.068316,0.291138,4333*3204
DJI_20251107113612_0111,G,Initial,NaN,10073,0.004661,0.047852,N/A
DJI_20251107113612_0111,G,Global,0.6488,4765,0.091848,0.328200,4166*3225
DJI_20251107113612_0111,G,Proposed,0.6025,10073,0.100049,0.360375,4315*3227
DJI_20251107113612_0111,R,Initial,NaN,5661,0.007973,0.061734,N/A
DJI_20251107113612_0111,R,Global,0.8451,2926,0.056708,0.281036,4166*3225
DJI_20251107113612_0111,R,Proposed,0.5946,5661,0.060350,0.305768,4315*3227
DJI_20251107113612_0111,NIR,Initial,NaN,8566,0.006378,0.058045,N/A
DJI_20251107113612_0111,NIR,Global,0.7523,3815,0.089850,0.290023,4166*3225
DJI_20251107113612_0111,NIR,Proposed,0.7644,8566,0.101634,0.334582,4315*3227
DJI_20251107113612_0111,RE,Initial,NaN,6916,0.005557,0.037896,N/A
DJI_20251107113612_0111,RE,Global,0.6313,3412,0.068300,0.281652,4166*3225
DJI_20251107113612_0111,RE,Proposed,0.5574,6916,0.073011,0.312052,4315*3227
DJI_20251107113614_0112,G,Initial,NaN,8502,0.003278,0.035401,N/A
DJI_20251107113614_0112,G,Global,0.6926,3989,0.074767,0.288176,4289*3228
DJI_20251107113614_0112,G,Proposed,0.5942,8502,0.084832,0.334308,4337*3230
DJI_20251107113614_0112,R,Initial,NaN,5135,0.007332,0.060543,N/A
DJI_20251107113614_0112,R,Global,0.6271,2534,0.051567,0.229380,4289*3228
DJI_20251107113614_0112,R,Proposed,0.6846,5135,0.055949,0.260409,4337*3230
DJI_20251107113614_0112,NIR,Initial,NaN,7316,0.004856,0.047475,N/A
DJI_20251107113614_0112,NIR,Global,0.9900,3475,0.073024,0.273727,4289*3228
DJI_20251107113614_0112,NIR,Proposed,0.6068,7316,0.080855,0.306822,4337*3230
DJI_20251107113614_0112,RE,Initial,NaN,5732,0.004332,0.030551,N/A
DJI_20251107113614_0112,RE,Global,1.1101,2741,0.054625,0.233155,4289*3228
DJI_20251107113614_0112,RE,Proposed,0.6569,5732,0.059871,0.262636,4337*3230
DJI_20251107113616_0113,G,Initial,NaN,8411,0.003819,0.039606,N/A
DJI_20251107113616_0113,G,Global,0.8404,3732,0.066710,0.271768,4075*3162
DJI_20251107113616_0113,G,Proposed,0.6512,8411,0.076577,0.317711,4313*3158
DJI_20251107113616_0113,R,Initial,NaN,5279,0.007775,0.048535,N/A
DJI_20251107113616_0113,R,Global,1.0855,2589,0.052298,0.236895,4075*3162
DJI_20251107113616_0113,R,Proposed,0.6029,5279,0.055565,0.256689,4313*3158
DJI_20251107113616_0113,NIR,Initial,NaN,7106,0.005852,0.046332,N/A
DJI_20251107113616_0113,NIR,Global,0.9471,3115,0.062151,0.262146,4075*3162
DJI_20251107113616_0113,NIR,Proposed,0.9858,7106,0.068519,0.291773,4313*3158
DJI_20251107113616_0113,RE,Initial,NaN,6742,0.004742,0.030144,N/A
DJI_20251107113616_0113,RE,Global,0.6367,2890,0.059467,0.237261,4075*3162
DJI_20251107113616_0113,RE,Proposed,0.6459,6742,0.065407,0.273406,4313*3158
DJI_20251107113618_0114,G,Initial,NaN,5929,0.002176,0.020675,N/A
DJI_20251107113618_0114,G,Global,1.0270,2721,0.056107,0.223066,4284*3151
DJI_20251107113618_0114,G,Proposed,0.9739,5929,0.059971,0.239954,4275*3143
DJI_20251107113618_0114,R,Initial,NaN,4447,0.004343,0.044757,N/A
DJI_20251107113618_0114,R,Global,0.9350,2387,0.046071,0.225560,4284*3151
DJI_20251107113618_0114,R,Proposed,0.6356,4447,0.048674,0.242274,4275*3143
DJI_20251107113618_0114,NIR,Initial,NaN,5311,0.003127,0.025087,N/A
DJI_20251107113618_0114,NIR,Global,0.9670,2496,0.062881,0.220458,4284*3151
DJI_20251107113618_0114,NIR,Proposed,0.6064,5311,0.071242,0.252215,4275*3143
DJI_20251107113618_0114,RE,Initial,NaN,4664,0.003661,0.025995,N/A
DJI_20251107113618_0114,RE,Global,0.7038,2261,0.047828,0.199381,4284*3151
DJI_20251107113618_0114,RE,Proposed,0.6556,4664,0.052165,0.221823,4275*3143
DJI_20251107113620_0115,G,Initial,NaN,4661,0.002089,0.020605,N/A
DJI_20251107113620_0115,G,Global,0.5959,2109,0.043438,0.161423,4281*3197
DJI_20251107113620_0115,G,Proposed,0.8897,4661,0.048994,0.185582,4333*3192
DJI_20251107113620_0115,R,Initial,NaN,3220,0.006054,0.045960,N/A
DJI_20251107113620_0115,R,Global,0.6385,1787,0.034003,0.146292,4281*3197
DJI_20251107113620_0115,R,Proposed,0.8791,3220,0.035875,0.163732,4333*3192
DJI_20251107113620_0115,NIR,Initial,NaN,3847,0.003360,0.025696,N/A
DJI_20251107113620_0115,NIR,Global,1.1821,1877,0.044641,0.152276,4281*3197
DJI_20251107113620_0115,NIR,Proposed,0.6244,3847,0.050326,0.177326,4333*3192
DJI_20251107113620_0115,RE,Initial,NaN,3786,0.003361,0.010984,N/A
DJI_20251107113620_0115,RE,Global,1.1568,1727,0.037272,0.154075,4281*3197
DJI_20251107113620_0115,RE,Proposed,1.0015,3786,0.040037,0.168816,4333*3192
